Battery_ID,Cycle_Count,Voltage_V,Current_A,Temperature_C,SOC_percent,Capacity_Ah,Internal_Resistance_Ohm,Energy_Remaining_kWh,Power_kW,SOH_percent,Condition_Score,Battery_Condition,Second_Life_Status
EVB_0001,1176,324.25,76.06,17.81,20.55,45.33,0.0951,3.02,24.66,75.55,83.21,Degraded,Suitable for evaluation
EVB_0002,1509,333.58,45.56,39.65,31.01,42.16,0.102,4.36,15.2,70.27,76.6,Degraded,Suitable for evaluation
EVB_0003,910,378.93,61.32,33.0,93.19,49.39,0.077,17.44,23.24,82.32,89.35,Moderate,Suitable for evaluation
EVB_0004,1344,353.28,59.27,19.03,69.22,43.66,0.086,10.68,20.94,72.76,82.88,Degraded,Suitable for evaluation
EVB_0005,1180,352.31,86.04,33.88,52.12,45.48,0.085,8.35,30.31,75.8,84.69,Degraded,Suitable for evaluation
EVB_0006,1145,319.74,47.96,13.5,6.21,46.05,0.0879,0.91,15.34,76.75,84.82,Degraded,Suitable for evaluation
EVB_0007,1774,377.84,31.52,48.74,99.28,37.72,0.1285,14.15,11.91,62.87,63.54,Critical,Consider second-life/replacement
EVB_0008,1094,361.49,65.38,21.19,68.79,46.69,0.0866,11.61,23.64,77.81,85.58,Degraded,Suitable for evaluation
EVB_0009,1688,338.18,53.72,42.89,35.11,38.8,0.1144,4.61,18.17,64.66,69.91,Critical,Consider second-life/replacement
EVB_0010,171,371.93,63.45,23.5,88.53,58.22,0.0474,19.17,23.6,97.03,98.37,Healthy,Not yet
EVB_0011,516,335.83,60.36,34.48,29.55,54.03,0.0702,5.36,20.27,90.04,94.49,Healthy,Not yet
EVB_0012,1288,347.04,6.28,22.7,56.68,44.79,0.0863,8.81,2.18,74.64,83.88,Degraded,Suitable for evaluation
EVB_0013,380,361.05,49.92,37.98,65.43,55.26,0.0593,13.05,18.02,92.1,93.87,Healthy,Not yet
EVB_0014,1532,336.78,53.48,28.12,26.0,41.49,0.0974,3.63,18.01,69.15,79.38,Critical,Consider second-life/replacement
EVB_0015,137,374.99,41.64,33.74,97.95,59.37,0.0447,21.8,15.62,98.94,99.42,Healthy,Not yet
EVB_0016,1446,360.7,39.49,30.12,76.08,42.7,0.0902,11.72,14.24,71.16,81.45,Degraded,Suitable for evaluation
EVB_0017,1173,352.04,15.38,19.07,57.99,46.81,0.0936,9.56,5.42,78.01,84.76,Degraded,Suitable for evaluation
EVB_0018,921,331.64,64.08,34.03,22.16,48.25,0.0742,3.55,21.25,80.42,88.67,Moderate,Suitable for evaluation
EVB_0019,1737,323.85,56.51,25.97,10.12,39.57,0.101,1.3,18.3,65.95,77.13,Critical,Consider second-life/replacement
EVB_0020,180,341.1,66.59,38.36,35.41,57.17,0.0583,6.9,22.71,95.29,95.39,Healthy,Not yet
EVB_0021,1735,361.46,14.12,28.11,76.55,38.79,0.1062,10.73,5.1,64.65,75.73,Critical,Consider second-life/replacement
EVB_0022,1382,338.28,56.46,29.39,30.59,43.13,0.0924,4.46,19.1,71.88,81.54,Degraded,Suitable for evaluation
EVB_0023,819,354.56,40.03,43.46,56.26,49.46,0.0764,9.87,14.19,82.43,84.4,Moderate,Suitable for evaluation
EVB_0024,393,366.56,44.69,49.05,74.15,54.32,0.0774,14.77,16.38,90.54,85.38,Healthy,Not yet
EVB_0025,1565,325.25,45.15,36.29,15.25,42.01,0.103,2.08,14.69,70.02,78.34,Degraded,Suitable for evaluation
EVB_0026,1487,362.1,52.37,27.7,70.1,42.19,0.1019,10.71,18.96,70.31,79.42,Degraded,Suitable for evaluation
EVB_0027,855,324.13,46.42,27.0,13.73,49.9,0.0723,2.22,15.05,83.16,90.43,Moderate,Suitable for evaluation
EVB_0028,435,376.41,20.46,23.45,96.69,54.46,0.0642,19.82,7.7,90.77,94.92,Healthy,Not yet
EVB_0029,1265,350.46,46.39,25.0,51.4,45.42,0.0945,8.18,16.26,75.7,83.37,Degraded,Suitable for evaluation
EVB_0030,1005,324.23,44.83,27.81,19.31,48.19,0.0783,3.02,14.53,80.31,88.07,Moderate,Suitable for evaluation
EVB_0031,326,342.71,45.0,45.71,37.53,55.39,0.0725,7.12,15.42,92.32,89.01,Healthy,Not yet
EVB_0032,1234,342.95,-11.69,28.42,44.27,44.08,0.0829,6.69,4.01,73.47,83.69,Degraded,Suitable for evaluation
EVB_0033,509,362.16,54.04,20.19,77.03,54.04,0.0639,15.08,19.57,90.07,94.54,Healthy,Not yet
EVB_0034,1387,360.08,36.26,30.33,75.63,43.76,0.0987,11.92,13.06,72.93,81.29,Degraded,Suitable for evaluation
EVB_0035,71,358.75,19.16,31.43,63.13,58.46,0.0507,13.24,6.87,97.44,98.59,Healthy,Not yet
EVB_0036,302,331.69,65.8,30.29,15.06,56.17,0.0654,2.81,21.82,93.62,96.49,Healthy,Not yet
EVB_0037,797,327.83,60.13,36.4,19.4,50.75,0.0803,3.23,19.71,84.58,89.31,Moderate,Suitable for evaluation
EVB_0038,906,329.69,43.44,30.55,13.91,48.03,0.0757,2.2,14.32,80.05,88.27,Moderate,Suitable for evaluation
EVB_0039,1634,352.53,23.08,36.15,59.83,39.89,0.1185,8.41,8.14,66.48,74.41,Critical,Consider second-life/replacement
EVB_0040,524,377.27,43.61,23.76,88.33,53.98,0.0699,17.99,16.45,89.96,94.48,Moderate,Suitable for evaluation
EVB_0041,1132,343.59,47.67,44.25,46.21,46.77,0.0896,7.43,16.38,77.96,79.71,Degraded,Suitable for evaluation
EVB_0042,560,330.9,65.2,32.02,20.28,54.81,0.0631,3.68,21.58,91.35,95.24,Healthy,Not yet
EVB_0043,1755,351.96,36.05,33.2,58.01,40.31,0.1048,8.23,12.69,67.19,77.31,Critical,Consider second-life/replacement
EVB_0044,1549,365.88,62.65,23.72,82.12,41.51,0.1018,12.47,22.92,69.19,78.81,Critical,Consider second-life/replacement
EVB_0045,749,367.55,32.22,33.77,75.46,50.67,0.0765,14.05,11.84,84.46,90.58,Moderate,Suitable for evaluation
EVB_0046,1025,365.47,16.13,35.21,88.74,48.34,0.0873,15.68,5.89,80.56,86.88,Moderate,Suitable for evaluation
EVB_0047,239,346.17,26.85,20.64,31.4,56.75,0.0468,6.17,9.29,94.59,97.02,Healthy,Not yet
EVB_0048,1007,334.23,47.07,16.73,23.43,47.38,0.0777,3.71,15.73,78.97,87.41,Degraded,Suitable for evaluation
EVB_0049,736,372.34,39.19,32.35,88.58,50.95,0.072,16.81,14.59,84.92,91.44,Moderate,Suitable for evaluation
EVB_0050,1007,357.3,48.81,26.09,67.47,47.61,0.073,11.48,17.44,79.36,88.25,Degraded,Suitable for evaluation
EVB_0051,612,337.13,45.23,32.08,34.54,52.94,0.0646,6.16,15.25,88.24,93.53,Moderate,Suitable for evaluation
EVB_0052,1640,363.99,59.53,19.67,75.52,39.9,0.1078,10.97,21.67,66.5,76.53,Critical,Consider second-life/replacement
EVB_0053,1317,370.29,36.41,17.52,82.44,44.26,0.0849,13.51,13.48,73.76,83.58,Degraded,Suitable for evaluation
EVB_0054,881,356.34,7.46,31.65,63.42,50.54,0.083,11.42,2.66,84.24,89.6,Moderate,Suitable for evaluation
EVB_0055,1578,362.35,40.38,27.2,70.35,41.15,0.1046,10.49,14.63,68.58,78.11,Critical,Consider second-life/replacement
EVB_0056,1204,339.02,10.0,13.11,40.65,46.61,0.086,6.42,3.39,77.69,85.6,Degraded,Suitable for evaluation
EVB_0057,1558,347.05,49.14,40.74,56.18,41.89,0.1055,8.17,17.06,69.81,75.21,Critical,Consider second-life/replacement
EVB_0058,696,357.47,63.45,19.54,54.8,52.06,0.0727,10.2,22.68,86.77,92.37,Moderate,Suitable for evaluation
EVB_0059,70,374.76,22.98,50.59,85.56,58.21,0.0608,18.67,8.61,97.02,89.01,Healthy,Not yet
EVB_0060,890,374.24,66.36,25.01,84.8,50.05,0.0732,15.88,24.83,83.41,90.45,Moderate,Suitable for evaluation
EVB_0061,216,369.09,56.08,33.21,84.1,57.23,0.055,17.77,20.7,95.39,97.46,Healthy,Not yet
EVB_0062,1347,317.09,71.99,43.18,6.05,43.47,0.0942,0.83,22.83,72.44,76.72,Degraded,Suitable for evaluation
EVB_0063,437,365.01,45.27,41.84,76.21,54.68,0.064,15.21,16.52,91.13,91.02,Healthy,Not yet
EVB_0064,650,363.51,23.88,45.89,77.07,51.71,0.0792,14.49,8.68,86.18,84.64,Moderate,Suitable for evaluation
EVB_0065,365,364.23,56.72,17.82,69.45,55.12,0.0597,13.94,20.66,91.86,95.52,Healthy,Not yet
EVB_0066,63,365.35,30.54,20.91,76.85,58.18,0.044,16.33,11.16,96.96,98.33,Healthy,Not yet
EVB_0067,291,368.45,42.92,31.81,84.99,57.18,0.0558,17.91,15.82,95.3,97.41,Healthy,Not yet
EVB_0068,826,348.9,41.95,36.72,49.68,50.41,0.0728,8.74,14.64,84.02,89.8,Moderate,Suitable for evaluation
EVB_0069,1419,344.69,64.92,29.91,52.69,41.77,0.0984,7.59,22.38,69.61,79.5,Critical,Consider second-life/replacement
EVB_0070,614,323.36,62.12,16.9,16.85,52.11,0.0674,2.84,20.09,86.85,92.77,Moderate,Suitable for evaluation
EVB_0071,947,343.51,44.56,33.97,41.61,48.76,0.0826,6.97,15.31,81.27,88.02,Moderate,Suitable for evaluation
EVB_0072,1413,351.66,7.94,28.45,66.12,43.35,0.0964,10.08,2.79,72.26,81.22,Degraded,Suitable for evaluation
EVB_0073,141,371.12,30.07,28.35,79.14,57.25,0.0502,16.81,11.16,95.41,97.47,Healthy,Not yet
EVB_0074,1440,327.54,60.6,11.78,25.63,42.66,0.0935,3.58,19.85,71.1,80.97,Degraded,Suitable for evaluation
EVB_0075,1005,321.63,53.87,36.38,18.09,48.26,0.0898,2.81,17.33,80.43,85.77,Moderate,Suitable for evaluation
EVB_0076,1528,356.84,15.78,31.16,67.99,41.42,0.1,10.05,5.63,69.03,78.96,Critical,Consider second-life/replacement
EVB_0077,1501,319.29,17.86,44.36,5.18,41.75,0.1084,0.69,5.7,69.58,72.54,Critical,Consider second-life/replacement
EVB_0078,558,333.56,51.89,29.4,21.95,52.96,0.0645,3.88,17.31,88.27,93.55,Moderate,Suitable for evaluation
EVB_0079,825,323.0,31.04,34.53,7.76,50.74,0.0774,1.27,10.03,84.56,90.52,Moderate,Suitable for evaluation
EVB_0080,84,329.65,31.2,36.65,20.85,58.36,0.0526,4.01,10.29,97.26,97.5,Healthy,Not yet
EVB_0081,255,335.3,60.44,16.03,22.23,56.14,0.0557,4.18,20.27,93.57,96.46,Healthy,Not yet
EVB_0082,1154,345.5,67.62,50.93,41.83,45.46,0.0984,6.57,23.36,75.76,73.32,Degraded,Suitable for evaluation
EVB_0083,1635,338.42,32.3,26.55,43.22,39.38,0.0988,5.76,10.93,65.63,77.26,Critical,Consider second-life/replacement
EVB_0084,1461,369.82,39.63,33.96,88.05,40.99,0.1015,13.35,14.66,68.32,78.37,Critical,Consider second-life/replacement
EVB_0085,1075,349.25,43.25,35.12,53.46,47.85,0.0861,8.93,15.1,79.76,86.64,Degraded,Suitable for evaluation
EVB_0086,1071,363.31,39.2,23.48,73.72,46.46,0.0864,12.44,14.24,77.43,85.4,Degraded,Suitable for evaluation
EVB_0087,1463,324.38,49.94,44.78,14.89,41.07,0.1097,1.98,16.2,68.45,71.49,Critical,Consider second-life/replacement
EVB_0088,615,334.48,61.45,32.13,26.42,52.05,0.066,4.6,20.55,86.75,92.71,Moderate,Suitable for evaluation
EVB_0089,1179,363.04,30.26,28.29,71.78,45.25,0.0886,11.79,10.98,75.42,84.01,Degraded,Suitable for evaluation
EVB_0090,1550,318.37,22.34,31.11,10.02,41.3,0.1049,1.32,7.11,68.83,78.2,Critical,Consider second-life/replacement
EVB_0091,752,351.87,75.27,36.11,51.23,50.16,0.078,9.04,26.49,83.6,89.25,Moderate,Suitable for evaluation
EVB_0092,451,360.62,63.18,30.09,61.94,54.94,0.0635,12.27,22.78,91.56,95.36,Healthy,Not yet
EVB_0093,779,361.28,23.67,37.06,62.2,51.01,0.0772,11.46,8.55,85.02,89.56,Moderate,Suitable for evaluation
EVB_0094,1629,313.28,52.58,16.52,7.18,39.56,0.106,0.89,16.47,65.93,76.46,Critical,Consider second-life/replacement
EVB_0095,211,341.04,64.92,24.02,35.6,57.04,0.0501,6.92,22.14,95.06,97.28,Healthy,Not yet
EVB_0096,251,354.09,56.63,12.89,65.47,56.62,0.0551,13.13,20.05,94.37,96.9,Healthy,Not yet
EVB_0097,1045,321.59,57.02,45.98,19.15,46.85,0.1046,2.89,18.34,78.08,76.74,Degraded,Suitable for evaluation
EVB_0098,319,363.69,39.41,45.87,71.06,56.44,0.071,14.59,14.33,94.07,90.08,Healthy,Not yet
EVB_0099,865,363.39,72.99,35.01,75.86,50.42,0.0776,13.9,26.52,84.03,90.19,Moderate,Suitable for evaluation
EVB_0100,1344,377.96,43.18,21.9,98.29,45.62,0.0903,16.95,16.32,76.04,84.11,Degraded,Suitable for evaluation
EVB_0101,505,335.55,38.74,49.12,24.93,51.72,0.0777,4.33,13.0,86.19,82.91,Moderate,Suitable for evaluation
EVB_0102,1535,370.99,56.67,25.16,83.39,40.93,0.1021,12.66,21.03,68.22,78.24,Critical,Consider second-life/replacement
EVB_0103,1800,348.66,46.2,28.29,54.43,39.67,0.1086,7.53,16.11,66.12,76.22,Critical,Consider second-life/replacement
EVB_0104,1325,350.04,52.44,31.28,40.48,42.84,0.0898,6.07,18.36,71.4,81.63,Degraded,Suitable for evaluation
EVB_0105,1066,328.18,52.66,33.61,16.63,48.46,0.0826,2.64,17.28,80.77,87.74,Moderate,Suitable for evaluation
EVB_0106,1775,366.77,50.96,35.15,74.87,38.8,0.1119,10.65,18.69,64.66,74.89,Critical,Consider second-life/replacement
EVB_0107,345,329.11,30.1,35.47,27.41,55.97,0.0616,5.05,9.91,93.28,96.02,Healthy,Not yet
EVB_0108,1798,343.78,20.05,28.84,40.29,37.53,0.1097,5.2,6.89,62.55,74.1,Critical,Consider second-life/replacement
EVB_0109,769,324.08,75.5,35.34,10.94,50.44,0.0799,1.79,24.47,84.07,89.72,Moderate,Suitable for evaluation
EVB_0110,387,363.44,45.76,28.49,81.13,56.58,0.0695,16.68,16.63,94.3,96.86,Healthy,Not yet
EVB_0111,928,366.88,55.54,34.63,77.83,48.83,0.0753,13.94,20.38,81.38,89.05,Moderate,Suitable for evaluation
EVB_0112,1126,362.17,10.36,33.98,74.69,46.18,0.0903,12.49,3.75,76.96,84.62,Degraded,Suitable for evaluation
EVB_0113,841,340.1,66.19,36.1,33.45,50.14,0.0797,5.7,22.51,83.57,89.01,Moderate,Suitable for evaluation
EVB_0114,266,335.7,39.04,35.1,21.48,56.67,0.051,4.09,13.1,94.45,96.88,Healthy,Not yet
EVB_0115,813,353.9,28.62,26.46,65.57,50.49,0.0785,11.71,10.13,84.14,90.15,Moderate,Suitable for evaluation
EVB_0116,237,354.81,43.6,33.67,52.14,56.56,0.0579,10.46,15.47,94.27,96.85,Healthy,Not yet
EVB_0117,429,332.48,30.76,35.23,21.93,54.79,0.0674,4.0,10.23,91.31,95.09,Healthy,Not yet
EVB_0118,542,366.08,42.55,19.67,70.16,53.05,0.0572,13.63,15.58,88.41,93.63,Moderate,Suitable for evaluation
EVB_0119,1114,377.67,36.65,27.81,99.16,45.37,0.0831,16.99,13.84,75.62,84.84,Degraded,Suitable for evaluation
EVB_0120,1230,362.16,60.97,34.86,75.99,45.58,0.0876,12.54,22.08,75.96,84.43,Degraded,Suitable for evaluation
EVB_0121,64,366.72,69.2,43.67,75.3,57.98,0.0668,16.01,25.38,96.63,92.94,Healthy,Not yet
EVB_0122,114,379.19,66.23,36.6,95.28,58.44,0.0588,21.12,25.11,97.41,97.61,Healthy,Not yet
EVB_0123,570,331.5,7.33,44.18,24.28,53.4,0.0736,4.3,2.43,88.99,87.96,Moderate,Suitable for evaluation
EVB_0124,1417,350.82,27.12,26.81,58.73,41.95,0.0884,8.64,9.51,69.91,80.99,Critical,Consider second-life/replacement
EVB_0125,1202,373.66,-1.72,32.0,98.07,46.0,0.0894,16.86,0.64,76.67,84.57,Degraded,Suitable for evaluation
EVB_0126,697,329.59,27.03,36.45,20.7,51.36,0.0789,3.5,8.91,85.6,90.02,Moderate,Suitable for evaluation
EVB_0127,1545,361.89,30.73,11.39,71.52,40.78,0.0921,10.56,11.12,67.97,79.43,Critical,Consider second-life/replacement
EVB_0128,1136,353.93,51.11,42.09,60.65,47.47,0.0907,10.19,18.09,79.11,81.5,Degraded,Suitable for evaluation
EVB_0129,1212,357.18,34.36,15.11,60.72,45.46,0.083,9.86,12.27,75.76,84.93,Degraded,Suitable for evaluation
EVB_0130,1572,359.07,33.59,37.98,71.28,40.6,0.1099,10.39,12.06,67.67,75.12,Critical,Consider second-life/replacement
EVB_0131,642,371.78,43.07,35.49,93.31,51.73,0.0704,17.95,16.01,86.21,92.07,Moderate,Suitable for evaluation
EVB_0132,441,369.81,10.71,11.28,79.35,55.32,0.0591,16.23,3.96,92.21,95.71,Healthy,Not yet
EVB_0133,1748,319.29,34.67,11.69,10.33,38.6,0.1069,1.27,11.07,64.33,75.46,Critical,Consider second-life/replacement
EVB_0134,468,371.37,31.61,41.46,86.01,54.62,0.067,17.45,11.74,91.04,91.2,Healthy,Not yet
EVB_0135,338,339.23,44.19,39.72,26.43,55.73,0.0588,5.0,14.99,92.88,93.26,Healthy,Not yet
EVB_0136,428,340.68,47.49,22.95,40.81,55.65,0.0655,7.74,16.18,92.74,96.01,Healthy,Not yet
EVB_0137,1563,346.25,72.15,22.94,48.86,40.51,0.1056,6.85,24.98,67.52,77.4,Critical,Consider second-life/replacement
EVB_0138,280,350.61,61.27,34.1,50.69,56.01,0.0588,9.95,21.48,93.35,96.34,Healthy,Not yet
EVB_0139,1067,347.78,31.59,29.9,46.34,47.0,0.0834,7.57,10.99,78.33,86.3,Degraded,Suitable for evaluation
EVB_0140,90,380.76,35.01,38.44,94.05,58.63,0.0599,20.99,13.33,97.71,96.68,Healthy,Not yet
EVB_0141,1101,362.32,36.42,33.84,72.07,46.54,0.0872,12.15,13.2,77.57,85.36,Degraded,Suitable for evaluation
EVB_0142,184,358.79,33.95,42.66,64.96,59.29,0.0599,13.82,12.18,98.82,94.75,Healthy,Not yet
EVB_0143,250,326.86,54.74,37.76,9.73,58.32,0.0601,1.86,17.89,97.2,96.8,Healthy,Not yet
EVB_0144,829,378.01,6.62,35.77,90.87,50.23,0.0842,17.25,2.5,83.71,88.69,Moderate,Suitable for evaluation
EVB_0145,979,373.79,55.89,27.18,91.39,48.54,0.0795,16.58,20.89,80.91,88.23,Moderate,Suitable for evaluation
EVB_0146,1106,365.08,71.99,26.6,79.12,46.56,0.081,13.45,26.28,77.6,86.21,Degraded,Suitable for evaluation
EVB_0147,1121,321.47,45.46,29.59,5.67,45.81,0.0848,0.83,14.61,76.36,85.02,Degraded,Suitable for evaluation
EVB_0148,552,325.08,44.54,44.73,10.44,52.81,0.0787,1.79,14.48,88.02,86.41,Moderate,Suitable for evaluation
EVB_0149,456,331.13,50.66,26.75,26.4,55.07,0.0631,4.81,16.78,91.78,95.48,Healthy,Not yet
EVB_0150,1647,326.76,67.25,32.08,17.48,41.15,0.1065,2.35,21.98,68.58,77.85,Critical,Consider second-life/replacement
EVB_0151,854,340.14,40.02,12.04,42.89,50.45,0.0716,7.36,13.61,84.08,91.03,Moderate,Suitable for evaluation
EVB_0152,148,378.27,56.69,35.41,92.65,57.15,0.0576,20.03,21.45,95.25,97.14,Healthy,Not yet
EVB_0153,733,346.46,53.81,48.06,49.85,50.41,0.0852,8.71,18.64,84.02,81.35,Moderate,Suitable for evaluation
EVB_0154,775,321.83,92.76,22.53,6.27,49.67,0.0693,1.0,29.85,82.79,90.53,Moderate,Suitable for evaluation
EVB_0155,1620,336.22,41.26,55.0,31.86,40.48,0.1247,4.34,13.87,67.46,62.81,Critical,Consider second-life/replacement
EVB_0156,1010,330.21,14.32,31.46,9.24,47.59,0.0797,1.45,4.73,79.32,87.33,Degraded,Suitable for evaluation
EVB_0157,662,325.63,24.19,10.0,8.45,52.02,0.0619,1.43,7.88,86.71,92.69,Moderate,Suitable for evaluation
EVB_0158,1535,338.98,47.47,26.92,31.19,41.92,0.0947,4.43,16.09,69.86,80.13,Critical,Consider second-life/replacement
EVB_0159,692,343.02,65.76,40.64,31.18,53.38,0.077,5.71,22.56,88.96,89.61,Moderate,Suitable for evaluation
EVB_0160,1078,367.85,29.68,45.99,79.78,46.76,0.0978,13.72,10.92,77.93,77.55,Degraded,Suitable for evaluation
EVB_0161,1291,377.65,35.13,35.74,97.61,44.31,0.0913,16.33,13.27,73.85,82.33,Degraded,Suitable for evaluation
EVB_0162,552,340.26,58.5,42.54,40.26,52.17,0.0734,7.15,19.9,86.95,87.84,Moderate,Suitable for evaluation
EVB_0163,816,345.71,28.14,20.58,45.74,51.23,0.0687,8.1,9.73,85.38,91.96,Moderate,Suitable for evaluation
EVB_0164,447,369.5,29.77,24.56,85.25,54.51,0.0646,17.17,11.0,90.85,94.97,Healthy,Not yet
EVB_0165,920,335.08,26.32,16.56,30.47,50.12,0.0841,5.12,8.82,83.53,89.07,Moderate,Suitable for evaluation
EVB_0166,844,335.54,69.83,25.16,19.86,50.65,0.081,3.37,23.43,84.41,89.96,Moderate,Suitable for evaluation
EVB_0167,442,372.51,68.42,36.1,86.04,54.32,0.0692,17.41,25.49,90.54,94.14,Healthy,Not yet
EVB_0168,256,322.59,21.44,31.7,9.42,55.95,0.0588,1.7,6.92,93.26,96.29,Healthy,Not yet
EVB_0169,1088,360.61,40.78,36.94,63.87,47.05,0.0803,10.84,14.7,78.41,85.58,Degraded,Suitable for evaluation
EVB_0170,1627,354.34,69.32,22.51,58.39,40.05,0.1027,8.29,24.56,66.74,77.35,Critical,Consider second-life/replacement
EVB_0171,941,343.82,53.63,23.0,37.86,48.74,0.076,6.34,18.44,81.23,88.88,Moderate,Suitable for evaluation
EVB_0172,1534,331.19,38.0,31.64,34.94,42.33,0.1035,4.9,12.59,70.54,79.33,Degraded,Suitable for evaluation
EVB_0173,1764,369.27,13.77,25.18,78.33,37.67,0.0966,10.9,5.08,62.79,75.99,Critical,Consider second-life/replacement
EVB_0174,1648,321.72,70.17,40.41,13.21,40.17,0.1118,1.71,22.57,66.94,73.0,Critical,Consider second-life/replacement
EVB_0175,913,336.79,54.19,24.98,27.49,49.58,0.0761,4.59,18.25,82.63,89.63,Moderate,Suitable for evaluation
EVB_0176,792,371.59,15.54,26.04,74.58,51.06,0.0772,14.15,5.77,85.1,90.85,Moderate,Suitable for evaluation
EVB_0177,1314,358.07,65.57,33.35,57.09,43.28,0.0999,8.85,23.48,72.13,80.69,Degraded,Suitable for evaluation
EVB_0178,613,326.02,20.13,26.89,17.16,52.94,0.0627,2.96,6.56,88.23,93.53,Moderate,Suitable for evaluation
EVB_0179,1070,367.66,36.37,20.12,88.8,48.0,0.0789,15.67,13.37,80.0,87.81,Moderate,Suitable for evaluation
EVB_0180,145,350.28,41.15,21.21,42.38,58.5,0.051,8.68,14.41,97.5,98.63,Healthy,Not yet
EVB_0181,534,370.84,70.09,34.3,83.65,53.51,0.0741,16.6,25.99,89.19,93.51,Moderate,Suitable for evaluation
EVB_0182,1480,363.7,36.72,19.13,79.83,43.04,0.097,12.5,13.36,71.73,80.85,Degraded,Suitable for evaluation
EVB_0183,280,361.05,38.52,41.18,64.32,55.88,0.0586,12.98,13.91,93.13,92.51,Healthy,Not yet
EVB_0184,798,349.49,20.23,24.48,51.98,49.35,0.0705,8.97,7.07,82.26,90.17,Moderate,Suitable for evaluation
EVB_0185,1728,377.87,27.71,34.93,98.06,39.12,0.1102,14.5,10.47,65.21,75.5,Critical,Consider second-life/replacement
EVB_0186,1244,328.26,34.04,24.96,18.77,45.45,0.0895,2.8,11.17,75.74,84.06,Degraded,Suitable for evaluation
EVB_0187,590,366.36,28.36,22.68,73.89,53.65,0.0628,14.52,10.39,89.41,94.18,Moderate,Suitable for evaluation
EVB_0188,1109,328.5,48.33,31.97,23.16,47.06,0.0829,3.58,15.88,78.44,86.42,Degraded,Suitable for evaluation
EVB_0189,574,345.73,2.73,38.41,37.13,53.54,0.0679,6.87,0.94,89.24,92.03,Moderate,Suitable for evaluation
EVB_0190,1233,339.83,19.7,28.02,34.33,45.94,0.0927,5.36,6.69,76.56,84.08,Degraded,Suitable for evaluation
EVB_0191,1772,375.65,37.61,29.48,94.97,38.5,0.1037,13.73,14.13,64.16,75.8,Critical,Consider second-life/replacement
EVB_0192,1316,372.93,41.55,36.46,96.9,44.04,0.0944,15.91,15.5,73.4,81.24,Degraded,Suitable for evaluation
EVB_0193,1159,335.65,44.11,36.72,22.39,46.92,0.089,3.53,14.81,78.19,84.44,Degraded,Suitable for evaluation
EVB_0194,627,322.63,49.41,29.69,7.09,51.63,0.0605,1.18,15.94,86.05,92.33,Moderate,Suitable for evaluation
EVB_0195,731,365.65,34.83,26.45,73.4,51.53,0.0671,13.83,12.73,85.88,92.23,Moderate,Suitable for evaluation
EVB_0196,606,345.08,45.3,30.66,44.71,52.23,0.0717,8.06,15.63,87.04,92.65,Moderate,Suitable for evaluation
EVB_0197,1647,324.32,57.2,28.47,13.44,41.01,0.0978,1.79,18.55,68.34,78.88,Critical,Consider second-life/replacement
EVB_0198,1062,361.23,50.29,32.5,69.96,47.24,0.0803,11.94,18.17,78.74,86.93,Degraded,Suitable for evaluation
EVB_0199,695,344.81,31.78,20.45,56.79,51.67,0.064,10.12,10.96,86.11,92.36,Moderate,Suitable for evaluation
EVB_0200,845,380.21,55.69,32.22,98.15,51.07,0.076,19.06,21.18,85.12,91.02,Moderate,Suitable for evaluation
EVB_0201,1101,339.24,50.64,24.25,26.6,46.03,0.0911,4.15,17.18,76.72,84.39,Degraded,Suitable for evaluation
EVB_0202,1693,343.58,67.97,37.25,43.38,39.73,0.1095,5.92,23.35,66.22,74.8,Critical,Consider second-life/replacement
EVB_0203,1629,347.45,70.01,24.62,56.54,40.33,0.1023,7.92,24.32,67.21,77.66,Critical,Consider second-life/replacement
EVB_0204,1413,367.59,15.41,24.76,80.21,43.42,0.0913,12.8,5.66,72.36,81.96,Degraded,Suitable for evaluation
EVB_0205,1404,354.54,28.68,33.56,57.14,44.5,0.0967,9.02,10.17,74.17,82.23,Degraded,Suitable for evaluation
EVB_0206,1713,355.75,58.06,30.11,63.23,39.02,0.11,8.78,20.65,65.03,75.44,Critical,Consider second-life/replacement
EVB_0207,1579,331.61,17.85,48.21,26.48,39.62,0.1154,3.48,5.92,66.03,67.34,Critical,Consider second-life/replacement
EVB_0208,1421,368.14,66.31,16.97,85.46,42.38,0.1033,13.33,24.41,70.64,79.41,Degraded,Suitable for evaluation
EVB_0209,1546,343.12,39.32,30.88,45.72,41.29,0.1049,6.48,13.49,68.81,78.2,Critical,Consider second-life/replacement
EVB_0210,1304,329.73,59.14,39.04,18.39,44.22,0.0975,2.68,19.5,73.69,79.44,Degraded,Suitable for evaluation
EVB_0211,239,357.43,40.73,25.37,68.1,57.21,0.0529,13.93,14.56,95.35,97.44,Healthy,Not yet
EVB_0212,1298,330.97,22.87,22.72,25.53,45.69,0.097,3.86,7.57,76.14,83.28,Degraded,Suitable for evaluation
EVB_0213,1458,329.41,68.29,23.03,14.27,43.64,0.0966,2.05,22.49,72.74,81.46,Degraded,Suitable for evaluation
EVB_0214,1450,374.57,90.09,17.1,86.89,43.51,0.1014,14.16,33.74,72.52,80.7,Degraded,Suitable for evaluation
EVB_0215,1356,341.85,35.88,40.8,48.72,45.23,0.1091,7.53,12.27,75.38,77.77,Degraded,Suitable for evaluation
EVB_0216,682,361.94,36.06,27.36,76.18,52.39,0.0681,14.45,13.05,87.32,93.03,Moderate,Suitable for evaluation
EVB_0217,677,337.52,-0.6,26.42,32.61,52.65,0.0701,5.79,0.2,87.75,93.25,Moderate,Suitable for evaluation
EVB_0218,1022,369.21,65.76,13.01,79.76,48.3,0.0847,14.22,24.28,80.5,87.32,Moderate,Suitable for evaluation
EVB_0219,1332,320.36,65.54,18.53,15.63,44.46,0.0947,2.23,21.0,74.11,82.47,Degraded,Suitable for evaluation
EVB_0220,1432,339.76,15.14,41.72,38.82,42.79,0.1075,5.64,5.14,71.32,75.18,Degraded,Suitable for evaluation
EVB_0221,759,377.16,2.08,32.42,97.92,50.61,0.0682,18.69,0.79,84.36,91.4,Moderate,Suitable for evaluation
EVB_0222,1529,369.41,6.26,39.33,80.43,40.58,0.1026,12.06,2.31,67.64,75.26,Critical,Consider second-life/replacement
EVB_0223,1484,343.06,56.34,38.32,52.24,41.95,0.1016,7.52,19.33,69.92,77.25,Critical,Consider second-life/replacement
EVB_0224,698,341.45,59.94,22.0,37.28,52.02,0.0743,6.62,20.47,86.7,92.11,Moderate,Suitable for evaluation
EVB_0225,367,372.34,23.84,49.44,87.85,55.0,0.0685,17.99,8.88,91.66,86.75,Healthy,Not yet
EVB_0226,1750,354.5,53.18,45.6,56.76,37.78,0.1248,7.6,18.85,62.96,65.96,Critical,Consider second-life/replacement
EVB_0227,1298,365.82,44.61,25.49,77.05,44.31,0.0935,12.49,16.32,73.85,82.48,Degraded,Suitable for evaluation
EVB_0228,1307,361.99,35.19,10.0,76.64,44.16,0.0954,12.25,12.74,73.61,82.1,Degraded,Suitable for evaluation
EVB_0229,733,324.67,67.66,27.15,6.7,51.16,0.0669,1.11,21.97,85.27,91.9,Moderate,Suitable for evaluation
EVB_0230,713,327.38,27.27,31.91,16.99,51.79,0.0718,2.88,8.93,86.31,92.24,Moderate,Suitable for evaluation
EVB_0231,1447,360.76,63.54,25.46,67.66,43.13,0.0968,10.53,22.92,71.88,80.96,Degraded,Suitable for evaluation
EVB_0232,1745,326.82,35.44,28.23,20.35,38.71,0.1071,2.58,11.58,64.52,75.54,Critical,Consider second-life/replacement
EVB_0233,1681,336.42,79.56,23.37,29.27,40.51,0.105,3.99,26.76,67.52,77.47,Critical,Consider second-life/replacement
EVB_0234,1545,375.68,21.51,37.37,94.93,42.15,0.1039,15.03,8.08,70.24,77.69,Degraded,Suitable for evaluation
EVB_0235,1306,362.11,37.69,30.51,58.22,44.55,0.0917,9.39,13.65,74.25,82.95,Degraded,Suitable for evaluation
EVB_0236,1765,362.01,42.9,37.61,76.32,39.17,0.117,10.82,15.53,65.28,73.07,Critical,Consider second-life/replacement
EVB_0237,1186,353.71,44.98,39.78,58.01,46.24,0.0897,9.49,15.91,77.07,81.9,Degraded,Suitable for evaluation
EVB_0238,1570,349.64,52.94,12.61,57.49,40.39,0.1061,8.12,18.51,67.32,77.21,Critical,Consider second-life/replacement
EVB_0239,491,327.33,26.18,23.84,13.94,54.85,0.0661,2.5,8.57,91.41,95.28,Healthy,Not yet
EVB_0240,613,333.55,45.81,25.01,37.65,52.09,0.0626,6.54,15.28,86.82,92.75,Moderate,Suitable for evaluation
EVB_0241,1341,337.26,49.67,50.57,31.83,42.72,0.1099,4.59,16.75,71.2,69.5,Degraded,Suitable for evaluation
EVB_0242,1583,345.54,36.45,31.19,42.12,41.14,0.105,5.99,12.59,68.57,78.05,Critical,Consider second-life/replacement
EVB_0243,1459,367.09,48.57,36.5,80.84,40.92,0.0963,12.14,17.83,68.21,78.1,Critical,Consider second-life/replacement
EVB_0244,1460,336.84,21.93,14.95,40.33,42.6,0.0963,5.79,7.39,71.0,80.55,Degraded,Suitable for evaluation
EVB_0245,1186,343.89,39.37,31.15,47.91,46.46,0.0871,7.65,13.54,77.43,85.3,Degraded,Suitable for evaluation
EVB_0246,1686,334.31,32.31,37.83,42.75,38.49,0.1077,5.5,10.8,64.15,73.56,Critical,Consider second-life/replacement
EVB_0247,1698,326.59,43.51,36.9,13.87,40.3,0.1103,1.83,14.21,67.17,75.43,Critical,Consider second-life/replacement
EVB_0248,1001,343.21,71.42,34.99,46.9,47.5,0.0816,7.65,24.51,79.16,86.99,Degraded,Suitable for evaluation
EVB_0249,1154,331.22,74.57,30.1,23.58,46.3,0.091,3.62,24.7,77.16,84.64,Degraded,Suitable for evaluation
EVB_0250,748,331.54,71.14,30.49,22.74,50.64,0.0691,3.82,23.59,84.39,91.42,Moderate,Suitable for evaluation
EVB_0251,162,332.77,41.01,16.45,13.93,58.46,0.0538,2.71,13.65,97.43,98.59,Healthy,Not yet
EVB_0252,51,344.36,62.67,22.8,38.88,60.11,0.0402,8.05,21.58,100.18,100.0,Healthy,Not yet
EVB_0253,691,368.22,43.79,31.85,76.96,52.16,0.07,14.78,16.12,86.93,92.81,Moderate,Suitable for evaluation
EVB_0254,269,340.36,48.07,24.27,31.26,56.77,0.0545,6.04,16.36,94.62,97.04,Healthy,Not yet
EVB_0255,1639,340.81,45.45,35.51,34.67,39.98,0.106,4.72,15.49,66.63,76.54,Critical,Consider second-life/replacement
EVB_0256,904,357.67,74.73,33.73,66.05,49.1,0.078,11.6,26.73,81.84,88.94,Moderate,Suitable for evaluation
EVB_0257,1298,336.5,72.75,40.94,23.6,44.62,0.0965,3.54,24.48,74.36,78.8,Degraded,Suitable for evaluation
EVB_0258,434,368.82,53.58,37.67,90.21,55.16,0.0693,18.35,19.76,91.93,93.96,Healthy,Not yet
EVB_0259,1476,352.03,41.4,31.82,54.42,42.67,0.1021,8.17,14.58,71.12,79.84,Degraded,Suitable for evaluation
EVB_0260,1711,341.88,46.01,35.98,47.52,38.53,0.1093,6.26,15.73,64.21,74.48,Critical,Consider second-life/replacement
EVB_0261,1203,351.02,53.59,38.04,57.99,45.41,0.0892,9.24,18.81,75.69,82.25,Degraded,Suitable for evaluation
EVB_0262,1126,331.36,39.12,25.94,20.77,46.04,0.0916,3.17,12.96,76.74,84.33,Degraded,Suitable for evaluation
EVB_0263,1757,355.8,60.3,27.37,63.28,39.38,0.103,8.87,21.45,65.64,76.7,Critical,Consider second-life/replacement
EVB_0264,779,344.12,29.68,29.23,39.49,50.12,0.0664,6.81,10.21,83.53,90.94,Moderate,Suitable for evaluation
EVB_0265,1745,366.7,47.23,26.2,90.23,39.38,0.098,13.03,17.32,65.63,77.36,Critical,Consider second-life/replacement
EVB_0266,1783,332.19,7.26,38.13,21.04,38.27,0.1143,2.67,2.41,63.78,72.29,Critical,Consider second-life/replacement
EVB_0267,1489,345.95,34.71,24.98,53.17,40.82,0.0962,7.51,12.01,68.03,78.92,Critical,Consider second-life/replacement
EVB_0268,296,355.29,80.98,40.01,61.82,56.87,0.0675,12.49,28.77,94.79,94.13,Healthy,Not yet
EVB_0269,885,324.47,68.67,27.06,8.17,49.36,0.0784,1.31,22.28,82.27,89.13,Moderate,Suitable for evaluation
EVB_0270,1512,339.28,73.89,33.78,39.55,42.75,0.1021,5.74,25.07,71.25,79.91,Degraded,Suitable for evaluation
EVB_0271,252,366.57,30.04,31.33,74.6,55.81,0.0538,15.26,11.01,93.02,96.16,Healthy,Not yet
EVB_0272,1257,361.33,42.92,22.19,82.94,44.71,0.0934,13.4,15.51,74.52,82.86,Degraded,Suitable for evaluation
EVB_0273,172,342.03,69.91,29.84,34.75,57.78,0.0585,6.87,23.91,96.31,97.97,Healthy,Not yet
EVB_0274,450,369.59,52.69,32.67,80.87,54.79,0.0669,16.38,19.47,91.32,95.22,Healthy,Not yet
EVB_0275,816,376.27,48.52,29.49,96.94,49.28,0.0717,17.97,18.26,82.13,89.95,Moderate,Suitable for evaluation
EVB_0276,343,366.47,69.98,19.26,86.4,56.26,0.0601,17.82,25.65,93.77,96.58,Healthy,Not yet
EVB_0277,329,328.55,30.33,43.61,16.18,57.0,0.0658,3.03,9.97,95.0,92.09,Healthy,Not yet
EVB_0278,933,363.91,38.65,30.7,75.27,49.14,0.0738,13.46,14.07,81.89,89.54,Moderate,Suitable for evaluation
EVB_0279,1683,335.93,15.18,23.65,35.37,39.87,0.1003,4.74,5.1,66.45,77.51,Critical,Consider second-life/replacement
EVB_0280,247,375.22,19.42,42.97,98.9,55.71,0.0626,20.67,7.29,92.86,91.29,Healthy,Not yet
EVB_0281,1031,353.53,64.2,34.94,51.11,47.09,0.0855,8.51,22.7,78.48,86.1,Degraded,Suitable for evaluation
EVB_0282,1584,323.79,32.49,20.4,16.63,40.95,0.1087,2.21,10.52,68.25,77.38,Critical,Consider second-life/replacement
EVB_0283,801,362.89,55.37,21.64,73.89,50.02,0.0695,13.41,20.09,83.36,90.85,Moderate,Suitable for evaluation
EVB_0284,193,334.47,76.57,28.22,35.69,58.4,0.057,6.97,25.61,97.34,98.54,Healthy,Not yet
EVB_0285,658,384.79,35.83,32.38,99.72,52.48,0.0687,20.14,13.79,87.46,93.1,Moderate,Suitable for evaluation
EVB_0286,1274,375.74,48.59,34.98,98.08,46.6,0.0855,17.17,18.26,77.66,85.65,Degraded,Suitable for evaluation
EVB_0287,1197,358.6,56.3,37.6,67.33,44.83,0.091,10.83,20.19,74.72,81.74,Degraded,Suitable for evaluation
EVB_0288,236,333.55,26.93,34.32,17.33,57.19,0.0614,3.31,8.98,95.32,97.43,Healthy,Not yet
EVB_0289,1399,357.48,31.47,40.77,70.25,41.98,0.104,10.54,11.25,69.97,75.49,Critical,Consider second-life/replacement
EVB_0290,513,330.08,31.27,31.01,13.84,52.29,0.0654,2.39,10.32,87.15,92.93,Moderate,Suitable for evaluation
EVB_0291,1422,314.53,40.4,23.92,7.79,43.44,0.1001,1.06,12.71,72.4,80.81,Degraded,Suitable for evaluation
EVB_0292,709,371.25,53.91,29.97,83.18,51.84,0.0657,16.01,20.01,86.4,92.52,Moderate,Suitable for evaluation
EVB_0293,813,337.88,37.3,29.45,24.93,49.65,0.0692,4.18,12.6,82.74,90.51,Moderate,Suitable for evaluation
EVB_0294,1004,340.82,45.45,10.0,41.01,48.02,0.0711,6.71,15.49,80.03,88.87,Moderate,Suitable for evaluation
EVB_0295,452,382.59,20.54,25.51,97.48,54.14,0.0643,20.19,7.86,90.23,94.62,Healthy,Not yet
EVB_0296,1419,344.33,68.64,32.51,37.0,42.63,0.0989,5.43,23.63,71.04,80.22,Degraded,Suitable for evaluation
EVB_0297,1584,335.2,37.21,26.61,33.17,40.77,0.1033,4.53,12.47,67.95,77.93,Critical,Consider second-life/replacement
EVB_0298,196,375.73,67.35,24.83,92.23,57.02,0.0471,19.76,25.3,95.03,97.27,Healthy,Not yet
EVB_0299,1221,323.42,50.23,37.29,15.52,44.74,0.0872,2.25,16.25,74.57,82.35,Degraded,Suitable for evaluation
EVB_0300,913,363.72,16.41,22.67,77.16,48.56,0.0717,13.63,5.97,80.94,89.29,Moderate,Suitable for evaluation
EVB_0301,1784,373.65,36.06,35.69,98.87,38.86,0.1083,14.35,13.47,64.76,75.1,Critical,Consider second-life/replacement
EVB_0302,538,372.03,21.0,19.34,90.62,51.6,0.07,17.4,7.81,86.0,92.3,Moderate,Suitable for evaluation
EVB_0303,978,362.3,53.58,52.09,66.91,47.34,0.1009,11.47,19.41,78.89,74.02,Degraded,Suitable for evaluation
EVB_0304,1713,334.24,42.12,28.27,34.84,38.68,0.1031,4.5,14.08,64.47,76.04,Critical,Consider second-life/replacement
EVB_0305,600,337.21,50.44,27.41,29.16,52.06,0.0672,5.12,17.01,86.77,92.73,Moderate,Suitable for evaluation
EVB_0306,387,370.46,34.41,39.14,82.83,54.8,0.0631,16.82,12.75,91.34,92.75,Healthy,Not yet
EVB_0307,921,376.8,30.37,26.65,88.58,48.94,0.0787,16.33,11.44,81.56,88.7,Moderate,Suitable for evaluation
EVB_0308,690,350.62,26.88,41.64,54.92,51.27,0.0739,9.87,9.43,85.45,87.49,Moderate,Suitable for evaluation
EVB_0309,522,337.22,62.67,32.97,28.21,52.99,0.0686,5.04,21.13,88.32,93.58,Moderate,Suitable for evaluation
EVB_0310,200,331.68,46.0,29.05,15.73,58.11,0.0486,3.03,15.26,96.84,98.26,Healthy,Not yet
EVB_0311,1488,328.39,43.74,28.2,13.28,41.51,0.1003,1.81,14.36,69.19,79.01,Critical,Consider second-life/replacement
EVB_0312,1371,359.94,38.63,39.66,73.31,42.82,0.099,11.3,13.91,71.37,77.59,Degraded,Suitable for evaluation
EVB_0313,1684,341.09,33.39,31.84,44.91,39.99,0.1023,6.13,11.39,66.65,77.36,Critical,Consider second-life/replacement
EVB_0314,312,372.45,34.47,33.46,91.01,56.48,0.0651,19.14,12.84,94.13,96.77,Healthy,Not yet
EVB_0315,193,372.95,45.67,34.33,75.27,57.26,0.0559,16.07,17.03,95.43,97.48,Healthy,Not yet
EVB_0316,395,337.48,29.61,31.06,23.17,53.2,0.0584,4.16,9.99,88.67,93.77,Moderate,Suitable for evaluation
EVB_0317,673,357.26,27.39,34.16,63.31,51.3,0.0749,11.6,9.79,85.51,91.37,Moderate,Suitable for evaluation
EVB_0318,1066,351.5,70.24,29.05,46.37,47.32,0.077,7.71,24.69,78.87,87.45,Degraded,Suitable for evaluation
EVB_0319,1645,352.01,37.29,29.6,59.84,40.74,0.107,8.58,13.13,67.9,77.41,Critical,Consider second-life/replacement
EVB_0320,930,366.11,32.06,21.05,75.12,48.78,0.077,13.42,11.74,81.31,88.79,Moderate,Suitable for evaluation
EVB_0321,51,370.61,17.02,32.38,81.59,59.05,0.0511,17.86,6.31,98.42,99.13,Healthy,Not yet
EVB_0322,946,371.3,56.09,16.24,85.16,50.25,0.0719,15.89,20.83,83.76,90.81,Moderate,Suitable for evaluation
EVB_0323,1377,334.95,28.5,32.27,29.13,43.22,0.0935,4.22,9.55,72.03,81.48,Degraded,Suitable for evaluation
EVB_0324,303,322.9,49.77,27.76,7.96,56.79,0.0556,1.46,16.07,94.65,97.06,Healthy,Not yet
EVB_0325,1725,364.9,11.22,33.0,75.23,38.37,0.1119,10.53,4.1,63.94,74.58,Critical,Consider second-life/replacement
EVB_0326,502,330.16,63.91,21.61,15.1,53.21,0.0653,2.65,21.1,88.69,93.78,Moderate,Suitable for evaluation
EVB_0327,1110,341.55,67.99,13.05,34.92,47.13,0.0823,5.62,23.22,78.56,86.57,Degraded,Suitable for evaluation
EVB_0328,1233,320.74,59.08,27.19,5.36,45.94,0.0894,0.79,18.95,76.56,84.52,Degraded,Suitable for evaluation
EVB_0329,1064,357.49,15.01,21.63,69.76,46.96,0.0873,11.71,5.37,78.27,85.74,Degraded,Suitable for evaluation
EVB_0330,58,338.05,63.59,15.76,20.88,58.01,0.0462,4.09,21.5,96.68,98.18,Healthy,Not yet
EVB_0331,1306,357.14,28.04,36.14,67.25,44.16,0.0944,10.61,10.01,73.6,81.54,Degraded,Suitable for evaluation
EVB_0332,1172,379.24,18.02,42.81,99.22,45.72,0.0887,17.2,6.83,76.2,79.73,Degraded,Suitable for evaluation
EVB_0333,1732,324.24,42.67,23.62,11.9,39.29,0.1045,1.52,13.84,65.48,76.41,Critical,Consider second-life/replacement
EVB_0334,865,326.27,42.26,29.39,12.32,49.23,0.0683,1.98,13.79,82.04,90.12,Moderate,Suitable for evaluation
EVB_0335,257,345.27,37.43,27.54,37.34,56.81,0.0535,7.32,12.92,94.68,97.07,Healthy,Not yet
EVB_0336,1204,373.89,63.45,24.73,87.31,45.03,0.0911,14.7,23.72,75.05,83.46,Degraded,Suitable for evaluation
EVB_0337,453,333.91,84.16,35.31,25.48,53.77,0.0566,4.57,28.1,89.62,94.1,Moderate,Suitable for evaluation
EVB_0338,201,348.75,21.65,38.08,39.24,57.98,0.0634,7.93,7.55,96.63,96.3,Healthy,Not yet
EVB_0339,103,326.18,37.22,23.05,11.51,58.83,0.0473,2.21,12.14,98.05,98.93,Healthy,Not yet
EVB_0340,1193,365.63,44.27,30.36,77.5,45.58,0.0869,12.92,16.19,75.96,84.52,Degraded,Suitable for evaluation
EVB_0341,1746,340.9,38.75,40.28,43.79,38.46,0.1123,5.74,13.21,64.09,71.44,Critical,Consider second-life/replacement
EVB_0342,677,363.92,48.93,35.51,77.13,51.73,0.0663,14.52,17.81,86.21,92.11,Moderate,Suitable for evaluation
EVB_0343,636,377.7,56.59,36.7,90.84,52.4,0.0695,17.98,21.37,87.34,92.02,Moderate,Suitable for evaluation
EVB_0344,1698,341.23,61.24,40.94,27.11,40.57,0.1216,3.75,20.9,67.61,71.74,Critical,Consider second-life/replacement
EVB_0345,1493,365.24,52.17,40.84,81.7,42.28,0.1015,12.62,19.05,70.47,76.05,Degraded,Suitable for evaluation
EVB_0346,1495,325.89,79.59,38.23,10.61,41.45,0.0976,1.43,25.94,69.08,77.38,Critical,Consider second-life/replacement
EVB_0347,153,374.76,11.55,31.16,90.39,57.7,0.0518,19.55,4.33,96.17,97.9,Healthy,Not yet
EVB_0348,303,360.64,69.62,26.94,66.82,55.8,0.0553,13.45,25.11,92.99,96.15,Healthy,Not yet
EVB_0349,1300,376.11,33.0,30.83,88.05,44.26,0.0899,14.66,12.41,73.77,82.92,Degraded,Suitable for evaluation
EVB_0350,1185,316.49,64.53,25.72,5.02,45.21,0.0865,0.72,20.42,75.35,84.24,Degraded,Suitable for evaluation
EVB_0351,559,327.52,29.94,14.38,21.06,53.62,0.0671,3.7,9.81,89.37,94.16,Moderate,Suitable for evaluation
EVB_0352,1546,341.31,29.6,27.76,42.03,39.6,0.0968,5.68,10.1,66.0,77.73,Critical,Consider second-life/replacement
EVB_0353,148,347.15,57.99,32.86,41.05,58.6,0.0532,8.35,20.13,97.66,98.72,Healthy,Not yet
EVB_0354,202,337.39,13.1,25.3,26.54,57.77,0.0562,5.17,4.42,96.28,97.95,Healthy,Not yet
EVB_0355,963,343.92,63.86,28.46,41.25,49.33,0.0747,7.0,21.96,82.21,89.59,Moderate,Suitable for evaluation
EVB_0356,927,328.16,71.61,28.77,17.24,49.49,0.0682,2.8,23.5,82.48,90.37,Moderate,Suitable for evaluation
EVB_0357,387,348.76,48.89,40.85,44.21,54.61,0.0699,8.42,17.05,91.02,91.55,Healthy,Not yet
EVB_0358,1779,356.43,43.8,27.12,81.22,39.19,0.1173,11.34,15.61,65.31,74.62,Critical,Consider second-life/replacement
EVB_0359,871,346.6,29.93,40.85,50.51,49.17,0.0841,8.61,10.37,81.94,84.67,Moderate,Suitable for evaluation
EVB_0360,1236,320.32,62.33,10.0,6.71,43.81,0.0891,0.94,19.97,73.02,82.62,Degraded,Suitable for evaluation
EVB_0361,1793,344.81,51.85,40.78,45.04,38.33,0.1152,5.95,17.88,63.89,70.64,Critical,Consider second-life/replacement
EVB_0362,1006,326.3,33.5,40.38,7.58,47.25,0.0949,1.17,10.93,78.75,81.77,Degraded,Suitable for evaluation
EVB_0363,1754,372.24,32.34,37.22,96.79,38.85,0.1119,14.0,12.04,64.75,73.7,Critical,Consider second-life/replacement
EVB_0364,210,334.5,46.08,13.9,17.11,58.64,0.0516,3.36,15.41,97.73,98.75,Healthy,Not yet
EVB_0365,1653,358.62,35.26,38.15,72.23,40.18,0.113,10.41,12.65,66.97,74.2,Critical,Consider second-life/replacement
EVB_0366,850,377.61,14.78,29.6,97.41,49.09,0.0728,18.06,5.58,81.81,89.62,Moderate,Suitable for evaluation
EVB_0367,447,372.31,53.57,10.0,83.47,55.31,0.0555,17.19,19.94,92.19,95.7,Healthy,Not yet
EVB_0368,1350,359.78,38.04,40.39,71.43,43.81,0.1041,11.26,13.69,73.02,77.38,Degraded,Suitable for evaluation
EVB_0369,865,373.43,41.11,41.55,84.75,48.53,0.0822,15.36,15.35,80.88,83.93,Moderate,Suitable for evaluation
EVB_0370,1577,375.13,28.8,14.76,98.27,39.95,0.0963,14.73,10.8,66.59,78.12,Critical,Consider second-life/replacement
EVB_0371,1465,354.28,51.87,31.4,64.03,41.74,0.1058,9.47,18.38,69.56,78.48,Critical,Consider second-life/replacement
EVB_0372,1208,355.72,47.6,41.11,58.12,45.81,0.0955,9.47,16.93,76.36,79.94,Degraded,Suitable for evaluation
EVB_0373,1268,354.16,65.07,39.84,64.68,44.36,0.0992,10.16,23.04,73.93,78.86,Degraded,Suitable for evaluation
EVB_0374,450,354.02,52.98,36.69,55.6,54.58,0.0662,10.74,18.76,90.97,94.02,Healthy,Not yet
EVB_0375,689,353.61,39.51,10.0,65.33,50.8,0.0656,11.73,13.97,84.66,91.56,Moderate,Suitable for evaluation
EVB_0376,1106,351.89,31.96,35.84,47.74,47.29,0.0911,7.94,11.25,78.82,85.03,Degraded,Suitable for evaluation
EVB_0377,737,337.52,63.5,28.26,25.75,49.75,0.0721,4.32,21.43,82.91,90.33,Moderate,Suitable for evaluation
EVB_0378,509,337.06,43.94,37.97,16.42,53.3,0.0666,2.95,14.81,88.83,92.08,Moderate,Suitable for evaluation
EVB_0379,1004,328.28,46.53,32.05,11.49,48.24,0.0835,1.82,15.27,80.41,87.42,Moderate,Suitable for evaluation
EVB_0380,519,333.81,44.3,29.84,30.01,52.99,0.0611,5.31,14.79,88.31,93.57,Moderate,Suitable for evaluation
EVB_0381,1448,323.63,42.65,35.13,9.38,43.05,0.0954,1.31,13.8,71.75,81.0,Degraded,Suitable for evaluation
EVB_0382,1095,350.62,41.15,28.62,58.88,46.25,0.0785,9.55,14.43,77.09,86.26,Degraded,Suitable for evaluation
EVB_0383,799,342.3,81.84,29.81,31.96,49.55,0.074,5.42,28.01,82.59,89.88,Moderate,Suitable for evaluation
EVB_0384,1743,363.28,22.14,25.56,83.33,39.98,0.1045,12.1,8.04,66.64,77.06,Critical,Consider second-life/replacement
EVB_0385,87,323.91,34.89,17.16,12.05,59.06,0.0541,2.31,11.3,98.44,99.14,Healthy,Not yet
EVB_0386,279,330.92,72.74,34.54,26.5,57.02,0.0582,5.0,24.07,95.03,97.26,Healthy,Not yet
EVB_0387,1438,360.48,35.33,23.55,74.37,43.46,0.0922,11.65,12.74,72.43,81.88,Degraded,Suitable for evaluation
EVB_0388,612,354.62,35.46,28.39,61.89,50.82,0.0671,11.15,12.58,84.7,91.59,Moderate,Suitable for evaluation
EVB_0389,487,321.8,68.29,32.3,11.13,54.6,0.0587,1.96,21.98,91.0,95.05,Healthy,Not yet
EVB_0390,1356,376.82,14.84,13.32,88.34,43.2,0.0921,14.38,5.59,71.99,81.65,Degraded,Suitable for evaluation
EVB_0391,76,376.28,55.19,15.11,88.34,58.65,0.0489,19.49,20.77,97.75,98.76,Healthy,Not yet
EVB_0392,275,343.12,47.45,27.6,36.39,57.01,0.0554,7.12,16.28,95.01,97.26,Healthy,Not yet
EVB_0393,1350,344.02,54.89,33.64,37.34,43.55,0.1004,5.59,18.88,72.58,80.87,Degraded,Suitable for evaluation
EVB_0394,847,379.73,47.15,35.95,98.96,50.21,0.0898,18.87,17.91,83.68,87.81,Moderate,Suitable for evaluation
EVB_0395,1682,352.84,31.96,17.27,64.49,39.79,0.1066,9.05,11.28,66.31,76.6,Critical,Consider second-life/replacement
EVB_0396,333,348.44,63.26,35.09,55.48,56.12,0.0654,10.85,22.04,93.53,96.39,Healthy,Not yet
EVB_0397,928,367.42,30.94,28.04,84.62,48.52,0.0877,15.09,11.37,80.87,87.12,Moderate,Suitable for evaluation
EVB_0398,1009,341.54,54.51,22.93,32.1,47.15,0.0763,5.17,18.62,78.58,87.38,Degraded,Suitable for evaluation
EVB_0399,1554,340.1,67.79,24.81,45.77,40.83,0.0999,6.36,23.05,68.06,78.44,Critical,Consider second-life/replacement
EVB_0400,502,338.58,72.17,36.41,30.44,53.84,0.0658,5.55,24.43,89.73,93.5,Moderate,Suitable for evaluation
EVB_0401,1069,369.63,36.6,32.19,79.97,48.46,0.0875,14.32,13.53,80.76,87.08,Moderate,Suitable for evaluation
EVB_0402,865,355.28,52.2,30.4,59.47,50.65,0.0767,10.7,18.55,84.42,90.54,Moderate,Suitable for evaluation
EVB_0403,708,361.13,36.42,31.95,67.59,51.05,0.0681,12.46,13.15,85.08,91.79,Moderate,Suitable for evaluation
EVB_0404,1589,335.31,92.59,37.42,28.97,40.87,0.1066,3.97,31.05,68.11,76.12,Critical,Consider second-life/replacement
EVB_0405,596,335.57,61.93,29.22,25.92,52.65,0.07,4.58,20.78,87.74,93.25,Moderate,Suitable for evaluation
EVB_0406,1265,353.05,46.35,30.43,51.4,44.91,0.0844,8.15,16.36,74.85,84.25,Degraded,Suitable for evaluation
EVB_0407,1122,360.21,47.62,39.11,75.07,46.53,0.0884,12.58,17.15,77.55,82.74,Degraded,Suitable for evaluation
EVB_0408,1585,350.15,51.74,27.35,54.9,41.35,0.0967,7.95,18.12,68.92,79.35,Critical,Consider second-life/replacement
EVB_0409,66,319.52,57.89,34.95,8.1,57.18,0.0526,1.48,18.5,95.3,97.41,Healthy,Not yet
EVB_0410,1245,364.45,36.18,25.97,87.51,45.32,0.0935,14.45,13.19,75.53,83.4,Degraded,Suitable for evaluation
EVB_0411,1293,322.94,42.56,26.67,11.15,44.2,0.0822,1.59,13.75,73.67,83.89,Degraded,Suitable for evaluation
EVB_0412,207,380.56,36.77,29.17,95.8,57.02,0.0526,20.79,13.99,95.04,97.27,Healthy,Not yet
EVB_0413,526,328.04,29.6,34.12,7.39,54.24,0.063,1.31,9.71,90.41,94.72,Healthy,Not yet
EVB_0414,1119,368.06,55.41,39.55,70.97,47.39,0.0958,12.38,20.39,78.99,82.27,Degraded,Suitable for evaluation
EVB_0415,1446,327.71,35.03,30.77,12.81,43.13,0.0953,1.81,11.48,71.88,81.17,Degraded,Suitable for evaluation
EVB_0416,567,377.37,20.94,18.0,91.51,52.83,0.0654,18.25,7.9,88.06,93.43,Moderate,Suitable for evaluation
EVB_0417,148,350.64,44.85,35.05,49.12,57.47,0.0542,9.9,15.73,95.78,97.65,Healthy,Not yet
EVB_0418,1110,323.43,46.49,49.63,18.06,43.92,0.1041,2.57,15.04,73.2,71.94,Degraded,Suitable for evaluation
EVB_0419,329,341.9,51.01,30.87,37.38,56.18,0.0654,7.18,17.44,93.63,96.5,Healthy,Not yet
EVB_0420,1422,332.56,38.29,16.33,20.66,43.34,0.0902,2.98,12.73,72.24,82.03,Degraded,Suitable for evaluation
EVB_0421,546,334.35,41.39,31.36,21.21,53.38,0.0614,3.78,13.84,88.96,93.93,Moderate,Suitable for evaluation
EVB_0422,351,374.18,52.05,29.98,95.07,56.44,0.0586,20.08,19.48,94.07,96.74,Healthy,Not yet
EVB_0423,230,350.63,56.69,29.3,47.3,56.32,0.0498,9.34,19.88,93.86,96.62,Healthy,Not yet
EVB_0424,656,369.33,52.02,37.56,79.94,51.89,0.0777,15.32,19.21,86.49,90.0,Moderate,Suitable for evaluation
EVB_0425,1172,358.46,43.72,41.03,65.76,45.49,0.0992,10.72,15.67,75.82,79.19,Degraded,Suitable for evaluation
EVB_0426,749,360.76,45.73,35.47,69.26,50.91,0.0734,12.72,16.5,84.86,90.94,Moderate,Suitable for evaluation
EVB_0427,1042,329.88,53.05,28.94,17.51,48.31,0.0784,2.79,17.5,80.52,88.17,Moderate,Suitable for evaluation
EVB_0428,1189,335.57,35.92,39.01,27.25,45.48,0.0927,4.16,12.05,75.8,81.26,Degraded,Suitable for evaluation
EVB_0429,240,366.95,67.96,18.05,79.74,56.91,0.0538,16.65,24.94,94.86,97.17,Healthy,Not yet
EVB_0430,302,380.89,63.3,24.27,97.22,55.72,0.0568,20.63,24.11,92.87,96.08,Healthy,Not yet
EVB_0431,1030,335.06,61.7,25.16,29.95,48.57,0.072,4.87,20.67,80.95,89.25,Moderate,Suitable for evaluation
EVB_0432,977,331.85,39.64,29.75,30.8,47.27,0.0753,4.83,13.15,78.79,87.62,Degraded,Suitable for evaluation
EVB_0433,1234,345.72,54.71,34.05,49.93,44.8,0.0898,7.73,18.92,74.67,83.43,Degraded,Suitable for evaluation
EVB_0434,1329,372.52,56.79,28.39,98.46,45.24,0.0883,16.59,21.16,75.4,84.02,Degraded,Suitable for evaluation
EVB_0435,1396,337.84,25.32,22.75,30.55,43.58,0.0824,4.5,8.55,72.63,83.29,Degraded,Suitable for evaluation
EVB_0436,177,347.76,76.26,37.8,43.66,57.74,0.0499,8.77,26.52,96.23,96.25,Healthy,Not yet
EVB_0437,67,374.49,8.93,28.12,89.69,59.21,0.0421,19.89,3.34,98.69,99.28,Healthy,Not yet
EVB_0438,615,325.84,63.05,30.82,5.28,51.96,0.0667,0.89,20.54,86.6,92.63,Moderate,Suitable for evaluation
EVB_0439,619,323.94,76.11,34.41,8.78,52.52,0.0684,1.49,24.65,87.54,93.15,Moderate,Suitable for evaluation
EVB_0440,1396,350.35,41.48,30.31,62.39,43.0,0.0916,9.4,14.53,71.67,81.54,Degraded,Suitable for evaluation
EVB_0441,735,373.17,37.35,30.35,91.2,51.31,0.0742,17.46,13.94,85.51,91.47,Moderate,Suitable for evaluation
EVB_0442,675,340.19,59.69,38.24,27.69,50.7,0.0784,4.78,20.31,84.5,88.41,Moderate,Suitable for evaluation
EVB_0443,1361,344.82,78.38,31.21,49.62,43.95,0.0942,7.52,27.03,73.24,82.06,Degraded,Suitable for evaluation
EVB_0444,903,347.9,40.21,36.9,47.79,49.79,0.0826,8.28,13.99,82.98,87.82,Moderate,Suitable for evaluation
EVB_0445,1736,348.13,30.95,34.36,49.93,39.03,0.1058,6.78,10.77,65.04,76.0,Critical,Consider second-life/replacement
EVB_0446,1011,358.65,35.68,46.14,64.14,47.82,0.0903,11.0,12.8,79.7,79.44,Degraded,Suitable for evaluation
EVB_0447,1712,353.13,17.1,33.28,49.63,39.67,0.1007,6.95,6.04,66.12,77.27,Critical,Consider second-life/replacement
EVB_0448,204,345.46,61.46,35.1,47.51,57.12,0.0552,9.38,21.23,95.2,97.3,Healthy,Not yet
EVB_0449,539,346.34,35.74,38.81,50.06,52.62,0.0741,9.12,12.38,87.7,90.41,Moderate,Suitable for evaluation
EVB_0450,1459,350.2,39.91,30.51,61.13,41.85,0.1019,8.96,13.98,69.75,79.11,Critical,Consider second-life/replacement
EVB_0451,834,351.49,60.65,24.9,56.02,50.2,0.0732,9.88,21.32,83.66,90.59,Moderate,Suitable for evaluation
EVB_0452,1177,373.33,33.88,26.21,86.14,45.84,0.0882,14.74,12.65,76.39,84.6,Degraded,Suitable for evaluation
EVB_0453,1466,318.67,63.5,26.28,9.7,43.3,0.0849,1.34,20.24,72.17,82.71,Degraded,Suitable for evaluation
EVB_0454,295,374.79,22.21,22.4,84.17,57.01,0.0536,17.98,8.33,95.02,97.26,Healthy,Not yet
EVB_0455,1249,369.32,58.04,32.54,85.17,45.56,0.0889,14.33,21.43,75.94,84.24,Degraded,Suitable for evaluation
EVB_0456,1112,333.37,53.31,24.96,32.07,46.84,0.0899,5.01,17.77,78.07,85.29,Degraded,Suitable for evaluation
EVB_0457,1550,340.61,43.53,31.56,48.97,40.73,0.1021,6.79,14.83,67.88,78.06,Critical,Consider second-life/replacement
EVB_0458,1755,339.23,47.76,28.73,46.66,39.17,0.1084,6.2,16.2,65.28,75.78,Critical,Consider second-life/replacement
EVB_0459,808,331.7,24.75,29.67,25.76,50.35,0.075,4.3,8.21,83.91,90.48,Moderate,Suitable for evaluation
EVB_0460,587,344.35,47.82,34.45,42.7,52.16,0.0693,7.67,16.47,86.93,92.81,Moderate,Suitable for evaluation
EVB_0461,970,326.99,47.34,25.66,9.22,49.21,0.0851,1.48,15.48,82.01,88.1,Moderate,Suitable for evaluation
EVB_0462,457,340.64,24.56,35.11,31.39,55.28,0.0559,5.91,8.37,92.14,95.61,Healthy,Not yet
EVB_0463,574,367.11,29.01,42.54,82.58,51.97,0.0757,15.76,10.65,86.62,87.36,Moderate,Suitable for evaluation
EVB_0464,877,338.61,44.83,32.74,32.03,49.03,0.0824,5.32,15.18,81.72,88.29,Moderate,Suitable for evaluation
EVB_0465,1579,371.66,30.14,23.74,82.73,40.67,0.0927,12.5,11.2,67.78,79.25,Critical,Consider second-life/replacement
EVB_0466,952,357.33,0.92,25.08,55.5,49.0,0.0817,9.72,0.33,81.67,88.36,Moderate,Suitable for evaluation
EVB_0467,85,373.88,59.74,28.01,88.59,59.33,0.0449,19.65,22.34,98.88,99.38,Healthy,Not yet
EVB_0468,734,357.78,41.29,25.24,59.6,51.22,0.0711,10.92,14.77,85.37,91.8,Moderate,Suitable for evaluation
EVB_0469,69,328.96,9.13,22.07,7.82,59.36,0.0443,1.53,3.0,98.94,99.42,Healthy,Not yet
EVB_0470,370,357.4,81.13,31.24,69.16,54.66,0.0628,13.51,29.0,91.1,95.1,Healthy,Not yet
EVB_0471,561,322.67,72.23,28.23,9.26,53.53,0.0635,1.6,23.31,89.22,94.07,Moderate,Suitable for evaluation
EVB_0472,449,355.1,38.98,31.52,47.81,54.54,0.0653,9.26,13.84,90.9,95.0,Healthy,Not yet
EVB_0473,703,374.98,24.64,39.49,93.3,50.89,0.0789,17.8,9.24,84.81,87.76,Moderate,Suitable for evaluation
EVB_0474,1021,321.13,55.77,28.11,20.69,46.68,0.0776,3.1,17.91,77.79,86.78,Degraded,Suitable for evaluation
EVB_0475,520,344.29,49.6,20.52,42.04,53.78,0.0652,7.78,17.08,89.63,94.3,Moderate,Suitable for evaluation
EVB_0476,1216,365.96,51.84,26.81,74.34,45.66,0.0849,12.42,18.97,76.1,84.87,Degraded,Suitable for evaluation
EVB_0477,1165,371.74,25.23,36.16,88.81,44.78,0.091,14.78,9.38,74.63,82.55,Degraded,Suitable for evaluation
EVB_0478,1427,360.63,62.51,35.41,68.74,42.87,0.098,10.63,22.54,71.45,80.31,Degraded,Suitable for evaluation
EVB_0479,883,338.62,38.93,34.15,29.53,49.49,0.0828,4.95,13.18,82.48,88.66,Moderate,Suitable for evaluation
EVB_0480,776,359.59,54.96,25.0,69.09,50.3,0.0743,12.5,19.76,83.83,90.53,Moderate,Suitable for evaluation
EVB_0481,903,336.46,32.67,36.02,33.19,49.38,0.0813,5.51,10.99,82.31,88.15,Moderate,Suitable for evaluation
EVB_0482,100,365.73,89.88,37.82,73.25,58.58,0.052,15.69,32.87,97.63,97.01,Healthy,Not yet
EVB_0483,1738,374.76,52.04,24.44,95.63,39.34,0.1008,14.1,19.5,65.57,76.96,Critical,Consider second-life/replacement
EVB_0484,1771,360.59,94.09,29.67,73.53,39.12,0.1075,10.37,33.93,65.2,75.86,Critical,Consider second-life/replacement
EVB_0485,624,372.49,55.46,46.16,86.97,52.38,0.0772,16.97,20.66,87.31,85.36,Moderate,Suitable for evaluation
EVB_0486,1263,317.34,40.27,24.08,5.2,45.56,0.0817,0.75,12.78,75.93,85.2,Degraded,Suitable for evaluation
EVB_0487,1198,364.17,57.15,16.36,73.17,45.86,0.0816,12.22,20.81,76.43,85.49,Degraded,Suitable for evaluation
EVB_0488,199,373.31,57.15,41.06,83.81,57.01,0.0673,17.84,21.34,95.01,93.62,Healthy,Not yet
EVB_0489,363,320.54,56.66,39.09,8.85,55.01,0.0623,1.56,18.16,91.68,92.97,Healthy,Not yet
EVB_0490,619,371.56,51.81,26.34,87.8,51.83,0.071,16.91,19.25,86.38,92.38,Moderate,Suitable for evaluation
EVB_0491,1415,334.4,61.18,29.1,29.39,43.13,0.0931,4.24,20.46,71.88,81.45,Degraded,Suitable for evaluation
EVB_0492,354,359.77,24.93,20.2,68.2,56.68,0.0623,13.91,8.97,94.46,96.95,Healthy,Not yet
EVB_0493,1765,367.01,22.11,30.71,81.03,38.57,0.112,11.47,8.11,64.28,74.75,Critical,Consider second-life/replacement
EVB_0494,731,359.89,28.55,39.33,67.95,51.35,0.0747,12.56,10.27,85.58,88.84,Moderate,Suitable for evaluation
EVB_0495,887,326.53,51.64,25.66,13.77,48.83,0.0681,2.2,16.86,81.38,89.76,Moderate,Suitable for evaluation
EVB_0496,1127,353.79,39.58,37.02,61.65,46.52,0.0824,10.15,14.0,77.54,84.78,Degraded,Suitable for evaluation
EVB_0497,1052,346.48,26.57,33.71,57.21,48.26,0.0816,9.57,9.21,80.43,87.7,Moderate,Suitable for evaluation
EVB_0498,493,368.65,54.09,34.62,90.53,54.56,0.0735,18.21,19.94,90.94,94.55,Healthy,Not yet
EVB_0499,662,346.84,50.89,26.13,43.4,50.96,0.0665,7.67,17.65,84.93,91.71,Moderate,Suitable for evaluation
EVB_0500,1042,339.84,49.78,27.16,35.5,47.9,0.0821,5.78,16.92,79.83,87.3,Degraded,Suitable for evaluation
EVB_0501,313,367.79,37.21,15.23,76.24,56.68,0.0612,15.89,13.68,94.46,96.95,Healthy,Not yet
EVB_0502,1126,344.58,38.89,25.47,44.2,46.61,0.0849,7.1,13.4,77.68,85.75,Degraded,Suitable for evaluation
EVB_0503,1645,357.01,27.89,39.31,66.38,40.53,0.1103,9.61,9.96,67.56,74.19,Critical,Consider second-life/replacement
EVB_0504,1053,361.07,59.84,22.57,66.41,46.78,0.0843,11.22,21.61,77.97,85.97,Degraded,Suitable for evaluation
EVB_0505,1693,371.81,27.61,23.76,89.36,39.73,0.1054,13.2,10.27,66.21,76.7,Critical,Consider second-life/replacement
EVB_0506,54,361.47,47.34,35.12,61.88,60.12,0.0506,13.45,17.11,100.21,100.0,Healthy,Not yet
EVB_0507,1176,349.81,74.59,33.22,52.7,46.6,0.0859,8.59,26.09,77.67,85.6,Degraded,Suitable for evaluation
EVB_0508,1269,326.72,42.84,35.52,18.19,45.13,0.0941,2.68,14.0,75.22,82.84,Degraded,Suitable for evaluation
EVB_0509,823,328.18,66.37,20.69,16.0,49.51,0.0782,2.6,21.78,82.51,89.29,Moderate,Suitable for evaluation
EVB_0510,926,327.05,58.88,50.51,19.66,47.46,0.1009,3.05,19.26,79.1,75.07,Degraded,Suitable for evaluation
EVB_0511,1041,329.11,54.05,20.27,21.33,47.59,0.0826,3.34,17.79,79.31,86.94,Degraded,Suitable for evaluation
EVB_0512,933,358.55,50.87,31.23,65.6,48.93,0.0817,11.51,18.24,81.55,88.3,Moderate,Suitable for evaluation
EVB_0513,1423,363.12,40.24,28.73,75.39,42.85,0.0959,11.73,14.61,71.42,80.83,Degraded,Suitable for evaluation
EVB_0514,96,353.86,44.98,20.51,55.35,58.28,0.048,11.42,15.92,97.14,98.43,Healthy,Not yet
EVB_0515,916,365.17,31.08,27.04,83.76,49.31,0.0791,15.08,11.35,82.19,88.99,Moderate,Suitable for evaluation
EVB_0516,872,380.93,39.85,30.19,99.17,49.61,0.0804,18.74,15.18,82.69,89.09,Moderate,Suitable for evaluation
EVB_0517,985,371.1,30.52,24.8,82.9,48.38,0.0759,14.88,11.33,80.64,88.56,Moderate,Suitable for evaluation
EVB_0518,705,366.99,60.58,37.5,71.01,51.84,0.0699,13.51,22.23,86.41,91.02,Moderate,Suitable for evaluation
EVB_0519,318,354.99,13.74,28.71,55.59,55.99,0.054,11.05,4.88,93.32,96.33,Healthy,Not yet
EVB_0520,419,348.43,53.94,19.27,47.64,54.63,0.0605,9.07,18.8,91.05,95.08,Healthy,Not yet
EVB_0521,685,323.13,55.5,18.59,13.02,52.56,0.0725,2.21,17.93,87.59,92.85,Moderate,Suitable for evaluation
EVB_0522,1179,347.71,50.28,34.85,42.94,45.32,0.0862,6.77,17.48,75.54,84.39,Degraded,Suitable for evaluation
EVB_0523,1743,372.37,58.47,18.11,91.46,38.76,0.0961,13.2,21.77,64.59,77.05,Critical,Consider second-life/replacement
EVB_0524,1732,366.23,36.04,32.53,81.76,40.08,0.1056,12.0,13.2,66.8,76.99,Critical,Consider second-life/replacement
EVB_0525,706,333.1,52.53,33.56,25.52,51.15,0.0718,4.35,17.5,85.24,91.65,Moderate,Suitable for evaluation
EVB_0526,169,349.27,14.18,22.04,49.33,57.9,0.0463,9.98,4.95,96.5,98.08,Healthy,Not yet
EVB_0527,880,370.78,33.61,37.13,82.59,49.06,0.0785,15.02,12.46,81.76,87.56,Moderate,Suitable for evaluation
EVB_0528,1677,319.12,65.04,16.26,11.4,38.63,0.1072,1.41,20.75,64.38,75.45,Critical,Consider second-life/replacement
EVB_0529,1131,347.55,21.88,32.37,41.8,46.34,0.0868,6.73,7.6,77.24,85.24,Degraded,Suitable for evaluation
EVB_0530,1419,373.39,43.56,29.67,85.92,42.26,0.096,13.56,16.27,70.44,80.27,Degraded,Suitable for evaluation
EVB_0531,790,343.61,33.6,29.05,43.37,50.7,0.0712,7.56,11.55,84.5,91.31,Moderate,Suitable for evaluation
EVB_0532,1547,320.59,47.52,20.58,12.37,42.21,0.0961,1.67,15.23,70.35,80.21,Degraded,Suitable for evaluation
EVB_0533,166,348.66,33.1,22.5,56.54,56.46,0.0494,11.13,11.54,94.1,96.75,Healthy,Not yet
EVB_0534,840,367.73,18.13,42.95,86.87,49.28,0.0868,15.74,6.67,82.13,83.17,Moderate,Suitable for evaluation
EVB_0535,1200,356.61,50.62,39.72,61.08,45.7,0.0888,9.95,18.05,76.17,81.55,Degraded,Suitable for evaluation
EVB_0536,1466,333.13,46.93,35.94,26.5,40.84,0.1077,3.6,15.63,68.06,76.85,Critical,Consider second-life/replacement
EVB_0537,1062,344.18,57.05,37.52,41.5,48.08,0.0905,6.87,19.63,80.13,84.83,Moderate,Suitable for evaluation
EVB_0538,1714,339.08,59.57,36.77,47.76,39.62,0.1083,6.42,20.2,66.03,75.15,Critical,Consider second-life/replacement
EVB_0539,1131,352.79,65.85,27.41,60.03,47.19,0.0878,9.99,23.23,78.64,85.88,Degraded,Suitable for evaluation
EVB_0540,683,370.03,44.15,30.38,77.14,51.41,0.0741,14.67,16.34,85.68,91.58,Moderate,Suitable for evaluation
EVB_0541,562,327.1,72.11,18.22,14.39,52.95,0.0633,2.49,23.59,88.24,93.53,Moderate,Suitable for evaluation
EVB_0542,851,369.28,22.69,29.28,89.52,49.68,0.0739,16.42,8.38,82.79,90.01,Moderate,Suitable for evaluation
EVB_0543,1169,320.13,66.62,39.47,6.17,47.27,0.0995,0.93,21.33,78.78,81.72,Degraded,Suitable for evaluation
EVB_0544,1711,337.6,54.45,24.71,40.15,40.39,0.1134,5.48,18.38,67.32,76.24,Critical,Consider second-life/replacement
EVB_0545,1191,322.29,54.28,38.19,7.6,45.66,0.0934,1.12,17.5,76.1,81.83,Degraded,Suitable for evaluation
EVB_0546,609,344.63,53.93,30.73,42.33,52.87,0.0623,7.71,18.58,88.12,93.46,Moderate,Suitable for evaluation
EVB_0547,1674,350.83,27.11,18.92,54.95,40.36,0.1017,7.78,9.51,67.26,77.77,Critical,Consider second-life/replacement
EVB_0548,537,348.12,23.03,21.14,53.61,55.23,0.0679,10.31,8.02,92.05,95.63,Healthy,Not yet
EVB_0549,1310,327.73,79.29,37.35,20.73,44.44,0.0926,3.02,25.99,74.07,81.31,Degraded,Suitable for evaluation
EVB_0550,946,361.72,40.0,34.42,66.35,48.68,0.0808,11.68,14.47,81.13,88.18,Moderate,Suitable for evaluation
EVB_0551,1345,317.79,46.6,30.81,9.25,43.62,0.0939,1.28,14.81,72.7,81.8,Degraded,Suitable for evaluation
EVB_0552,1262,361.33,21.87,27.81,77.38,45.02,0.0855,12.59,7.9,75.03,84.2,Degraded,Suitable for evaluation
EVB_0553,753,377.35,12.94,31.68,94.93,50.55,0.0771,18.11,4.88,84.26,90.4,Moderate,Suitable for evaluation
EVB_0554,1520,339.56,44.94,37.04,37.28,42.02,0.1066,5.32,15.26,70.03,77.41,Degraded,Suitable for evaluation
EVB_0555,630,350.36,38.35,41.81,54.14,51.13,0.0845,9.7,13.44,85.22,85.85,Moderate,Suitable for evaluation
EVB_0556,839,342.22,46.11,42.19,41.0,49.43,0.0872,6.93,15.78,82.38,83.69,Moderate,Suitable for evaluation
EVB_0557,910,322.51,51.89,32.98,5.64,49.59,0.0754,0.9,16.74,82.66,89.74,Moderate,Suitable for evaluation
EVB_0558,296,347.64,90.81,28.62,41.66,56.71,0.0575,8.21,31.57,94.51,96.98,Healthy,Not yet
EVB_0559,1149,363.23,35.28,31.17,80.21,45.89,0.0901,13.37,12.81,76.48,84.38,Degraded,Suitable for evaluation
EVB_0560,203,358.84,72.04,34.18,61.62,57.4,0.0596,12.69,25.85,95.67,97.62,Healthy,Not yet
EVB_0561,1729,328.56,78.8,34.14,14.62,39.98,0.1057,1.92,25.89,66.63,76.88,Critical,Consider second-life/replacement
EVB_0562,1508,368.27,54.31,40.46,85.48,40.81,0.1026,12.85,20.0,68.02,74.79,Critical,Consider second-life/replacement
EVB_0563,1046,348.15,40.11,46.93,55.45,46.07,0.0906,8.89,13.97,76.78,77.33,Degraded,Suitable for evaluation
EVB_0564,1159,365.97,16.3,28.36,84.96,45.44,0.092,14.13,5.96,75.74,83.72,Degraded,Suitable for evaluation
EVB_0565,746,354.7,52.39,47.25,60.12,50.49,0.0874,10.77,18.58,84.15,81.61,Moderate,Suitable for evaluation
EVB_0566,1358,355.25,62.36,39.38,58.17,42.56,0.0967,8.79,22.15,70.93,77.82,Degraded,Suitable for evaluation
EVB_0567,1293,325.45,80.66,29.19,15.0,45.15,0.0908,2.2,26.25,75.25,83.62,Degraded,Suitable for evaluation
EVB_0568,1142,330.25,31.39,41.99,20.9,45.33,0.0941,3.13,10.37,75.56,79.15,Degraded,Suitable for evaluation
EVB_0569,1120,374.15,34.94,43.49,97.34,46.34,0.0911,16.88,13.07,77.23,79.57,Degraded,Suitable for evaluation
EVB_0570,1058,336.48,30.81,26.32,26.71,46.9,0.0822,4.21,10.37,78.16,86.37,Degraded,Suitable for evaluation
EVB_0571,143,376.96,27.85,43.86,97.86,57.84,0.0619,21.34,10.5,96.4,92.7,Healthy,Not yet
EVB_0572,1007,350.05,56.3,38.6,55.53,46.63,0.0949,9.06,19.71,77.72,82.27,Degraded,Suitable for evaluation
EVB_0573,1061,329.95,36.62,48.95,17.9,47.34,0.0947,2.8,12.08,78.9,76.74,Degraded,Suitable for evaluation
EVB_0574,502,321.47,34.43,26.61,14.43,53.3,0.0557,2.47,11.07,88.84,93.86,Moderate,Suitable for evaluation
EVB_0575,1277,332.24,62.36,27.17,24.84,43.93,0.0855,3.63,20.72,73.22,83.2,Degraded,Suitable for evaluation
EVB_0576,961,371.77,47.96,13.79,92.94,50.13,0.0751,17.32,17.83,83.56,90.28,Moderate,Suitable for evaluation
EVB_0577,267,346.89,51.98,34.57,44.34,57.18,0.0563,8.8,18.03,95.31,97.42,Healthy,Not yet
EVB_0578,523,343.92,34.14,33.0,42.57,54.4,0.0615,7.96,11.74,90.66,94.86,Healthy,Not yet
EVB_0579,481,346.57,70.1,25.5,34.75,54.55,0.0651,6.57,24.3,90.92,95.0,Healthy,Not yet
EVB_0580,390,329.56,48.98,29.35,18.97,55.0,0.0542,3.44,16.14,91.67,95.42,Healthy,Not yet
EVB_0581,600,355.71,87.68,19.51,51.35,51.89,0.0661,9.48,31.19,86.48,92.56,Moderate,Suitable for evaluation
EVB_0582,1685,327.62,51.82,39.59,17.35,39.36,0.1196,2.24,16.98,65.61,71.71,Critical,Consider second-life/replacement
EVB_0583,1362,365.97,-1.12,26.08,84.37,42.97,0.0949,13.27,0.41,71.62,81.07,Degraded,Suitable for evaluation
EVB_0584,1327,342.08,3.38,54.75,40.19,42.54,0.113,5.85,1.15,70.91,66.41,Degraded,Suitable for evaluation
EVB_0585,406,343.19,57.36,28.6,40.61,54.02,0.0666,7.53,19.69,90.03,94.52,Healthy,Not yet
EVB_0586,72,351.68,68.41,23.92,50.03,59.22,0.0525,10.42,24.06,98.69,99.28,Healthy,Not yet
EVB_0587,571,345.55,31.23,26.7,47.19,54.25,0.0672,8.85,10.79,90.42,94.73,Healthy,Not yet
EVB_0588,1173,383.4,76.88,18.7,99.51,46.31,0.0848,17.67,29.47,77.19,85.48,Degraded,Suitable for evaluation
EVB_0589,851,355.6,74.12,33.86,56.81,49.71,0.0778,10.04,26.36,82.86,89.53,Moderate,Suitable for evaluation
EVB_0590,1253,324.78,53.18,26.64,13.38,44.94,0.0886,1.95,17.27,74.89,83.71,Degraded,Suitable for evaluation
EVB_0591,1296,360.29,53.19,39.05,62.65,42.13,0.096,9.51,19.16,70.22,77.73,Degraded,Suitable for evaluation
EVB_0592,811,329.97,64.77,27.8,19.4,49.97,0.0742,3.2,21.37,83.29,90.24,Moderate,Suitable for evaluation
EVB_0593,1732,323.17,84.07,41.08,7.94,37.94,0.1159,0.97,27.17,63.24,70.02,Critical,Consider second-life/replacement
EVB_0594,491,379.07,51.61,36.06,97.22,54.15,0.0621,19.96,19.56,90.26,94.01,Healthy,Not yet
EVB_0595,1681,364.95,44.96,30.23,78.49,39.65,0.1105,11.36,16.41,66.08,75.94,Critical,Consider second-life/replacement
EVB_0596,818,378.28,51.33,42.64,98.11,49.23,0.0854,18.27,19.42,82.05,83.49,Moderate,Suitable for evaluation
EVB_0597,1065,348.49,54.62,37.62,50.4,47.18,0.0873,8.29,19.04,78.63,84.37,Degraded,Suitable for evaluation
EVB_0598,1398,350.92,60.97,53.57,55.56,42.46,0.1137,8.28,21.4,70.77,66.96,Degraded,Suitable for evaluation
EVB_0599,565,329.46,20.22,26.72,20.99,54.28,0.0685,3.75,6.66,90.47,94.76,Healthy,Not yet
EVB_0600,1089,333.32,53.27,30.61,28.46,47.41,0.0777,4.5,17.76,79.02,87.43,Degraded,Suitable for evaluation
EVB_0601,841,369.47,49.13,42.55,84.66,49.72,0.0841,15.55,18.15,82.87,84.17,Moderate,Suitable for evaluation
EVB_0602,385,343.76,45.03,17.65,38.84,54.72,0.0537,7.31,15.48,91.19,95.16,Healthy,Not yet
EVB_0603,307,370.94,55.09,40.54,83.55,55.32,0.0748,17.14,20.43,92.19,91.74,Healthy,Not yet
EVB_0604,546,366.89,76.9,33.51,72.36,53.87,0.0675,14.3,28.21,89.78,94.38,Moderate,Suitable for evaluation
EVB_0605,945,333.39,50.87,22.89,21.83,48.52,0.0734,3.53,16.96,80.87,89.03,Moderate,Suitable for evaluation
EVB_0606,209,351.92,57.07,19.1,53.21,57.67,0.0667,10.8,20.08,96.11,97.86,Healthy,Not yet
EVB_0607,1548,362.65,71.59,24.62,69.35,42.11,0.097,10.59,25.96,70.18,79.99,Degraded,Suitable for evaluation
EVB_0608,901,340.01,50.63,11.72,27.33,48.13,0.0757,4.47,17.21,80.21,88.36,Moderate,Suitable for evaluation
EVB_0609,1737,360.84,24.94,26.08,83.92,40.13,0.1052,12.15,9.0,66.89,77.09,Critical,Consider second-life/replacement
EVB_0610,739,355.92,55.27,34.98,56.76,51.81,0.0715,10.47,19.67,86.35,92.3,Moderate,Suitable for evaluation
EVB_0611,1748,325.66,8.89,26.19,20.7,37.59,0.1072,2.53,2.89,62.64,74.5,Critical,Consider second-life/replacement
EVB_0612,429,358.7,2.38,41.11,60.38,56.22,0.0601,12.18,0.85,93.71,92.88,Healthy,Not yet
EVB_0613,1618,380.99,45.0,43.28,99.97,40.44,0.1166,15.4,17.14,67.39,70.89,Critical,Consider second-life/replacement
EVB_0614,1006,326.47,6.47,40.21,19.3,47.36,0.0839,2.98,2.11,78.93,83.44,Degraded,Suitable for evaluation
EVB_0615,740,363.58,17.42,31.85,82.59,51.48,0.0707,15.46,6.33,85.81,92.1,Moderate,Suitable for evaluation
EVB_0616,1500,333.47,41.19,11.4,24.69,41.32,0.1005,3.4,13.74,68.86,78.81,Critical,Consider second-life/replacement
EVB_0617,1686,364.68,28.5,24.37,79.33,40.15,0.1032,11.62,10.39,66.92,77.38,Critical,Consider second-life/replacement
EVB_0618,1341,357.49,39.37,28.86,74.78,43.35,0.0913,11.59,14.07,72.25,81.9,Degraded,Suitable for evaluation
EVB_0619,1650,343.59,67.01,22.85,33.55,41.61,0.0987,4.8,23.02,69.36,79.32,Critical,Consider second-life/replacement
EVB_0620,1490,339.84,50.98,28.88,35.95,42.16,0.1055,5.15,17.32,70.27,78.91,Degraded,Suitable for evaluation
EVB_0621,1241,368.22,26.26,42.88,80.29,45.21,0.1009,13.37,9.67,75.35,77.6,Degraded,Suitable for evaluation
EVB_0622,1116,351.18,69.52,16.83,48.84,46.06,0.0797,7.9,24.41,76.76,85.92,Degraded,Suitable for evaluation
EVB_0623,1629,359.67,16.35,44.49,74.43,40.6,0.1143,10.87,5.88,67.66,70.61,Critical,Consider second-life/replacement
EVB_0624,334,331.36,52.71,37.08,19.06,55.89,0.0577,3.53,17.46,93.15,94.99,Healthy,Not yet
EVB_0625,446,368.17,12.96,32.15,85.99,53.66,0.0692,16.99,4.77,89.43,94.19,Moderate,Suitable for evaluation
EVB_0626,61,363.11,46.84,24.29,72.53,59.1,0.0479,15.57,17.01,98.5,99.18,Healthy,Not yet
EVB_0627,1680,372.79,34.33,23.01,91.16,41.19,0.0999,14.0,12.8,68.65,78.77,Critical,Consider second-life/replacement
EVB_0628,1375,321.93,68.37,16.99,17.58,44.1,0.0959,2.5,22.01,73.5,81.97,Degraded,Suitable for evaluation
EVB_0629,1326,352.29,56.61,43.73,61.34,43.43,0.1013,9.38,19.94,72.38,75.4,Degraded,Suitable for evaluation
EVB_0630,548,354.11,33.0,42.3,61.92,51.79,0.0689,11.35,11.69,86.31,88.09,Moderate,Suitable for evaluation
EVB_0631,803,342.09,32.35,18.75,38.58,49.78,0.0746,6.57,11.07,82.97,90.02,Moderate,Suitable for evaluation
EVB_0632,84,351.73,39.5,25.58,48.55,58.01,0.0494,9.91,13.89,96.68,98.17,Healthy,Not yet
EVB_0633,776,325.39,83.73,33.47,8.61,49.4,0.0795,1.38,27.24,82.33,89.02,Moderate,Suitable for evaluation
EVB_0634,898,367.48,71.04,27.6,75.86,49.77,0.0767,13.88,26.11,82.96,89.73,Moderate,Suitable for evaluation
EVB_0635,139,359.3,26.71,14.65,57.19,58.38,0.0503,11.99,9.6,97.29,98.51,Healthy,Not yet
EVB_0636,825,326.0,64.15,24.74,10.49,51.36,0.0745,1.76,20.91,85.59,91.47,Moderate,Suitable for evaluation
EVB_0637,654,367.05,11.47,45.61,69.67,50.98,0.0868,13.04,4.21,84.96,83.13,Moderate,Suitable for evaluation
EVB_0638,1019,348.04,37.03,25.28,49.34,47.77,0.0794,8.2,12.89,79.62,87.53,Degraded,Suitable for evaluation
EVB_0639,1675,319.73,33.31,28.69,8.27,38.92,0.1055,1.03,10.65,64.87,75.95,Critical,Consider second-life/replacement
EVB_0640,1071,378.97,58.59,20.84,97.11,46.73,0.085,17.2,22.21,77.89,85.84,Degraded,Suitable for evaluation
EVB_0641,467,377.1,16.35,34.7,95.17,54.24,0.0665,19.47,6.16,90.4,94.72,Healthy,Not yet
EVB_0642,164,358.53,52.28,30.92,53.73,57.77,0.0501,11.13,18.74,96.28,97.96,Healthy,Not yet
EVB_0643,666,330.16,49.34,24.06,13.9,52.05,0.0688,2.39,16.29,86.74,92.71,Moderate,Suitable for evaluation
EVB_0644,1269,366.14,38.64,19.56,76.69,45.45,0.089,12.76,14.15,75.75,84.13,Degraded,Suitable for evaluation
EVB_0645,875,349.99,74.88,41.24,51.73,49.83,0.0925,9.02,26.21,83.04,83.94,Moderate,Suitable for evaluation
EVB_0646,1574,335.12,78.63,17.16,33.73,40.57,0.0983,4.59,26.35,67.62,78.42,Critical,Consider second-life/replacement
EVB_0647,1699,349.2,42.2,34.03,51.68,39.59,0.104,7.15,14.74,65.98,76.75,Critical,Consider second-life/replacement
EVB_0648,1566,345.94,38.22,12.77,54.63,41.76,0.0998,7.89,13.22,69.61,79.31,Critical,Consider second-life/replacement
EVB_0649,1148,357.55,16.86,35.66,58.46,46.92,0.0894,9.81,6.03,78.2,85.03,Degraded,Suitable for evaluation
EVB_0650,462,347.32,45.29,37.76,46.92,53.87,0.0682,8.78,15.73,89.78,92.72,Moderate,Suitable for evaluation
EVB_0651,1449,355.5,78.65,38.76,62.55,42.94,0.1009,9.55,27.96,71.56,77.99,Degraded,Suitable for evaluation
EVB_0652,1493,370.16,37.61,28.71,92.28,42.32,0.0977,14.45,13.92,70.53,80.1,Degraded,Suitable for evaluation
EVB_0653,778,344.42,59.39,42.67,39.42,49.57,0.0829,6.73,20.45,82.62,84.12,Moderate,Suitable for evaluation
EVB_0654,1350,360.58,16.97,48.46,73.94,43.75,0.1106,11.67,6.12,72.92,71.61,Degraded,Suitable for evaluation
EVB_0655,1070,374.67,32.38,27.43,89.97,47.27,0.0828,15.93,12.13,78.78,86.62,Degraded,Suitable for evaluation
EVB_0656,810,349.95,53.53,26.39,48.32,49.06,0.0738,8.3,18.73,81.77,89.47,Moderate,Suitable for evaluation
EVB_0657,725,345.25,47.25,31.19,47.13,51.09,0.0734,8.31,16.31,85.16,91.38,Moderate,Suitable for evaluation
EVB_0658,1467,350.94,58.38,26.18,62.2,42.42,0.0998,9.26,20.49,70.71,79.91,Degraded,Suitable for evaluation
EVB_0659,506,361.16,32.81,25.01,61.18,53.5,0.0588,11.82,11.85,89.17,94.05,Moderate,Suitable for evaluation
EVB_0660,969,367.27,9.71,25.71,81.63,49.23,0.0739,14.76,3.56,82.05,89.61,Moderate,Suitable for evaluation
EVB_0661,241,351.27,65.17,43.73,50.27,57.6,0.0712,10.17,22.89,96.0,92.41,Healthy,Not yet
EVB_0662,788,381.01,22.19,36.18,99.63,50.22,0.0803,19.07,8.46,83.71,88.95,Moderate,Suitable for evaluation
EVB_0663,1762,317.71,58.84,26.15,10.65,38.51,0.1058,1.3,18.69,64.19,75.53,Critical,Consider second-life/replacement
EVB_0664,1172,321.31,58.48,10.36,5.3,45.84,0.0861,0.78,18.79,76.41,84.88,Degraded,Suitable for evaluation
EVB_0665,1621,356.39,13.15,17.64,65.82,40.41,0.1002,9.48,4.69,67.35,78.02,Critical,Consider second-life/replacement
EVB_0666,1027,335.82,65.88,34.03,33.35,47.26,0.085,5.29,22.12,78.77,86.32,Degraded,Suitable for evaluation
EVB_0667,1058,330.76,37.46,13.03,27.84,44.71,0.0781,4.12,12.39,74.51,84.9,Degraded,Suitable for evaluation
EVB_0668,145,343.0,47.84,32.34,34.63,59.49,0.0553,7.07,16.41,99.15,99.53,Healthy,Not yet
EVB_0669,1737,336.5,41.03,21.48,29.32,39.16,0.1065,3.86,13.81,65.26,76.03,Critical,Consider second-life/replacement
EVB_0670,712,323.46,79.26,30.73,7.93,51.33,0.0714,1.32,25.64,85.55,91.87,Moderate,Suitable for evaluation
EVB_0671,1263,372.38,63.51,30.51,97.3,45.07,0.086,16.33,23.65,75.12,84.18,Degraded,Suitable for evaluation
EVB_0672,86,332.82,15.26,30.96,25.97,58.91,0.0509,5.09,5.08,98.19,99.0,Healthy,Not yet
EVB_0673,1442,360.86,82.69,26.84,74.73,42.39,0.092,11.43,29.84,70.66,80.93,Degraded,Suitable for evaluation
EVB_0674,1768,367.56,29.5,26.58,77.45,38.08,0.1041,10.84,10.84,63.47,75.36,Critical,Consider second-life/replacement
EVB_0675,1598,372.45,77.65,24.23,93.28,39.54,0.1013,13.74,28.92,65.89,77.07,Critical,Consider second-life/replacement
EVB_0676,328,322.66,45.44,33.87,7.9,55.12,0.0696,1.41,14.66,91.86,95.52,Healthy,Not yet
EVB_0677,266,368.8,34.32,36.44,87.84,55.96,0.0601,18.13,12.66,93.27,95.43,Healthy,Not yet
EVB_0678,916,349.59,39.94,20.25,55.09,49.46,0.0668,9.53,13.96,82.44,90.34,Moderate,Suitable for evaluation
EVB_0679,922,354.04,35.97,29.59,65.09,49.44,0.0747,11.39,12.74,82.41,89.7,Moderate,Suitable for evaluation
EVB_0680,1346,354.16,88.49,31.57,66.22,43.23,0.0961,10.14,31.34,72.05,81.15,Degraded,Suitable for evaluation
EVB_0681,111,371.56,39.68,31.47,82.88,56.8,0.0455,17.49,14.74,94.67,97.07,Healthy,Not yet
EVB_0682,645,339.75,41.16,31.33,36.67,52.27,0.072,6.51,13.98,87.11,92.65,Moderate,Suitable for evaluation
EVB_0683,778,369.19,43.43,26.78,74.64,50.37,0.0729,13.88,16.03,83.95,90.79,Moderate,Suitable for evaluation
EVB_0684,1415,353.37,26.96,32.23,55.21,42.71,0.1003,8.33,9.53,71.18,80.11,Degraded,Suitable for evaluation
EVB_0685,446,366.82,70.1,34.94,80.37,55.32,0.0623,16.31,25.72,92.2,95.71,Healthy,Not yet
EVB_0686,748,376.6,12.63,31.13,99.1,51.12,0.0695,19.08,4.76,85.2,91.86,Moderate,Suitable for evaluation
EVB_0687,1092,335.94,37.06,34.05,24.06,46.21,0.0887,3.74,12.45,77.02,84.87,Degraded,Suitable for evaluation
EVB_0688,226,386.14,55.92,37.92,99.49,56.31,0.0592,21.63,21.59,93.85,94.87,Healthy,Not yet
EVB_0689,1685,316.9,50.14,15.19,13.53,39.6,0.1037,1.7,15.89,65.99,76.8,Critical,Consider second-life/replacement
EVB_0690,445,322.33,60.26,37.55,5.22,53.91,0.0729,0.91,19.42,89.85,92.5,Moderate,Suitable for evaluation
EVB_0691,494,323.61,77.49,32.74,9.2,54.02,0.0669,1.61,25.08,90.04,94.52,Healthy,Not yet
EVB_0692,1306,341.41,64.57,21.11,37.47,45.05,0.0828,5.76,22.05,75.08,84.59,Degraded,Suitable for evaluation
EVB_0693,125,365.98,45.66,36.42,65.13,57.47,0.0577,13.7,16.71,95.78,96.83,Healthy,Not yet
EVB_0694,314,324.92,87.22,26.81,11.56,56.29,0.0588,2.11,28.34,93.82,96.6,Healthy,Not yet
EVB_0695,504,315.89,39.03,27.9,5.54,54.59,0.0674,0.96,12.33,90.99,95.04,Healthy,Not yet
EVB_0696,767,377.88,37.91,25.94,94.02,50.74,0.0681,18.03,14.33,84.56,91.51,Moderate,Suitable for evaluation
EVB_0697,784,373.48,40.48,32.42,83.08,51.1,0.0757,15.86,15.12,85.16,91.08,Moderate,Suitable for evaluation
EVB_0698,1457,365.63,39.33,23.72,81.87,42.31,0.0964,12.67,14.38,70.52,80.26,Degraded,Suitable for evaluation
EVB_0699,1637,368.32,21.07,37.21,89.02,40.38,0.1042,13.24,7.76,67.29,76.12,Critical,Consider second-life/replacement
EVB_0700,900,360.47,13.91,28.89,71.5,49.51,0.0803,12.76,5.02,82.51,89.01,Moderate,Suitable for evaluation
EVB_0701,1579,327.21,56.72,27.09,14.92,40.65,0.0993,1.98,18.56,67.75,78.36,Critical,Consider second-life/replacement
EVB_0702,1440,341.07,34.45,36.02,42.91,44.07,0.1048,6.45,11.75,73.45,80.14,Degraded,Suitable for evaluation
EVB_0703,193,366.25,76.5,27.44,73.7,58.09,0.0488,15.68,28.02,96.81,98.25,Healthy,Not yet
EVB_0704,934,337.04,45.9,37.59,31.63,49.59,0.0779,5.29,15.47,82.65,87.85,Moderate,Suitable for evaluation
EVB_0705,1142,360.09,38.04,37.84,70.3,46.92,0.0903,11.88,13.7,78.2,83.6,Degraded,Suitable for evaluation
EVB_0706,1172,323.28,69.82,19.32,7.33,46.17,0.0869,1.09,22.57,76.94,85.06,Degraded,Suitable for evaluation
EVB_0707,445,338.51,54.15,38.87,34.08,55.46,0.0655,6.4,18.33,92.43,93.51,Healthy,Not yet
EVB_0708,1098,351.01,40.98,18.3,57.17,46.96,0.0712,9.42,14.38,78.26,87.89,Degraded,Suitable for evaluation
EVB_0709,997,359.88,31.66,39.37,65.05,47.33,0.0889,11.08,11.39,78.88,83.24,Degraded,Suitable for evaluation
EVB_0710,940,351.46,100.0,46.23,59.82,48.23,0.0924,10.14,35.15,80.38,79.48,Moderate,Suitable for evaluation
EVB_0711,1542,357.08,48.96,37.0,71.29,40.7,0.1073,10.36,17.48,67.84,76.14,Critical,Consider second-life/replacement
EVB_0712,1557,315.16,69.85,12.74,5.58,39.84,0.098,0.7,22.01,66.41,77.79,Critical,Consider second-life/replacement
EVB_0713,1638,326.83,30.84,38.51,14.59,39.59,0.1074,1.89,10.08,65.98,74.2,Critical,Consider second-life/replacement
EVB_0714,1224,370.44,30.09,47.97,87.55,44.78,0.108,14.52,11.15,74.63,73.2,Degraded,Suitable for evaluation
EVB_0715,1217,355.81,80.65,27.58,69.77,46.14,0.0813,11.45,28.7,76.9,85.79,Degraded,Suitable for evaluation
EVB_0716,618,330.61,74.26,29.72,15.73,51.99,0.0656,2.7,24.55,86.64,92.65,Moderate,Suitable for evaluation
EVB_0717,1112,367.85,49.04,20.49,85.0,47.36,0.0845,14.81,18.04,78.94,86.48,Degraded,Suitable for evaluation
EVB_0718,158,334.43,40.77,32.5,28.01,57.26,0.055,5.36,13.63,95.43,97.49,Healthy,Not yet
EVB_0719,1766,345.53,40.74,40.15,50.43,37.93,0.1156,6.61,14.08,63.22,70.6,Critical,Consider second-life/replacement
EVB_0720,1115,332.89,36.57,35.58,18.79,47.61,0.0848,2.98,12.18,79.35,86.32,Degraded,Suitable for evaluation
EVB_0721,1259,360.11,21.48,55.0,72.46,44.03,0.1137,11.49,7.74,73.38,67.53,Degraded,Suitable for evaluation
EVB_0722,984,361.3,59.43,30.26,68.35,48.07,0.0797,11.87,21.47,80.12,87.78,Moderate,Suitable for evaluation
EVB_0723,447,336.52,57.69,16.95,25.06,54.8,0.054,4.62,19.41,91.33,95.23,Healthy,Not yet
EVB_0724,1296,371.55,53.81,31.37,87.02,43.6,0.0923,14.1,19.99,72.67,82.0,Degraded,Suitable for evaluation
EVB_0725,683,348.65,39.76,10.67,43.12,51.57,0.0708,7.75,13.86,85.95,92.17,Moderate,Suitable for evaluation
EVB_0726,1206,334.74,51.67,25.74,32.79,45.53,0.0951,5.0,17.29,75.88,83.4,Degraded,Suitable for evaluation
EVB_0727,1236,325.38,40.89,43.0,19.47,45.67,0.1003,2.89,13.3,76.12,78.03,Degraded,Suitable for evaluation
EVB_0728,1288,331.87,34.27,32.6,30.29,43.37,0.0862,4.36,11.37,72.29,82.6,Degraded,Suitable for evaluation
EVB_0729,782,321.77,80.16,31.44,7.09,51.85,0.0677,1.18,25.79,86.42,92.53,Moderate,Suitable for evaluation
EVB_0730,284,353.91,45.94,44.57,60.41,56.07,0.0716,11.99,16.26,93.46,90.44,Healthy,Not yet
EVB_0731,707,371.18,49.93,27.84,85.01,50.74,0.0665,16.01,18.53,84.56,91.51,Moderate,Suitable for evaluation
EVB_0732,800,353.42,59.19,40.09,57.15,49.27,0.0749,9.95,20.92,82.11,86.45,Moderate,Suitable for evaluation
EVB_0733,637,337.31,50.31,31.03,25.83,52.55,0.0721,4.58,16.97,87.58,92.88,Moderate,Suitable for evaluation
EVB_0734,1082,322.86,54.35,33.04,8.2,46.07,0.0834,1.22,17.55,76.79,85.45,Degraded,Suitable for evaluation
EVB_0735,1147,331.2,28.39,20.26,25.39,45.84,0.0889,3.86,9.4,76.41,84.5,Degraded,Suitable for evaluation
EVB_0736,1003,345.98,29.53,26.14,44.53,47.79,0.0764,7.36,10.22,79.65,87.95,Degraded,Suitable for evaluation
EVB_0737,541,363.28,24.68,18.82,77.16,54.31,0.0698,15.22,8.97,90.51,94.78,Healthy,Not yet
EVB_0738,962,331.31,59.16,29.24,22.85,49.17,0.0822,3.72,19.6,81.95,88.45,Moderate,Suitable for evaluation
EVB_0739,1326,362.63,43.47,33.12,73.38,43.64,0.091,11.61,15.76,72.73,82.2,Degraded,Suitable for evaluation
EVB_0740,1303,370.79,24.39,21.12,87.36,44.22,0.084,14.32,9.04,73.69,83.67,Degraded,Suitable for evaluation
EVB_0741,1592,346.46,55.67,46.39,48.12,39.27,0.1231,6.55,19.29,65.44,67.08,Critical,Consider second-life/replacement
EVB_0742,1247,365.96,50.82,32.22,83.04,43.61,0.0896,13.25,18.6,72.68,82.36,Degraded,Suitable for evaluation
EVB_0743,1726,354.2,31.57,30.46,57.69,38.43,0.1027,7.85,11.18,64.05,75.86,Critical,Consider second-life/replacement
EVB_0744,1241,362.52,42.64,36.16,65.52,45.84,0.0989,10.89,15.46,76.4,82.47,Degraded,Suitable for evaluation
EVB_0745,219,348.78,54.25,23.37,55.0,57.92,0.0564,11.11,18.92,96.53,98.09,Healthy,Not yet
EVB_0746,1466,342.49,29.67,31.31,49.0,42.68,0.1021,7.16,10.16,71.13,79.84,Degraded,Suitable for evaluation
EVB_0747,995,334.22,57.92,24.27,27.29,47.04,0.0794,4.29,19.36,78.4,86.86,Degraded,Suitable for evaluation
EVB_0748,844,337.81,52.36,42.47,33.8,49.04,0.092,5.6,17.69,81.73,82.53,Moderate,Suitable for evaluation
EVB_0749,683,343.97,29.11,21.53,32.55,51.2,0.0637,5.73,10.01,85.34,91.94,Moderate,Suitable for evaluation
EVB_0750,1267,353.29,47.93,30.51,58.51,44.68,0.0875,9.24,16.93,74.47,83.62,Degraded,Suitable for evaluation
EVB_0751,1590,329.72,55.61,32.63,16.4,40.76,0.1043,2.2,18.34,67.93,77.79,Critical,Consider second-life/replacement
EVB_0752,78,370.87,28.68,33.16,92.1,58.36,0.0549,19.93,10.64,97.27,98.5,Healthy,Not yet
EVB_0753,1238,364.43,32.33,25.35,73.46,45.39,0.091,12.15,11.78,75.65,83.81,Degraded,Suitable for evaluation
EVB_0754,1495,340.26,27.67,22.84,43.14,42.22,0.097,6.2,9.42,70.37,80.1,Degraded,Suitable for evaluation
EVB_0755,388,329.23,40.51,25.47,20.07,54.83,0.0567,3.62,13.34,91.39,95.26,Healthy,Not yet
EVB_0756,1721,369.29,40.13,34.23,88.79,39.56,0.1133,12.97,14.82,65.93,75.49,Critical,Consider second-life/replacement
EVB_0757,1569,362.79,31.21,28.85,83.26,41.96,0.103,12.67,11.32,69.93,79.07,Critical,Consider second-life/replacement
EVB_0758,1438,362.77,15.44,36.37,73.56,43.68,0.0969,11.66,5.6,72.8,80.63,Degraded,Suitable for evaluation
EVB_0759,1415,335.57,34.91,33.82,30.8,43.36,0.094,4.48,11.71,72.27,81.56,Degraded,Suitable for evaluation
EVB_0760,549,346.11,38.3,11.78,43.23,53.73,0.062,8.04,13.26,89.56,94.26,Moderate,Suitable for evaluation
EVB_0761,1730,326.77,63.93,31.98,14.76,39.07,0.1044,1.88,20.89,65.12,76.22,Critical,Consider second-life/replacement
EVB_0762,560,337.25,58.95,48.0,22.96,53.42,0.0831,4.14,19.88,89.03,84.41,Moderate,Suitable for evaluation
EVB_0763,1400,364.08,56.53,40.6,79.39,42.2,0.1042,12.2,20.58,70.33,75.76,Degraded,Suitable for evaluation
EVB_0764,266,366.0,28.95,33.38,72.93,57.45,0.0592,15.33,10.59,95.75,97.66,Healthy,Not yet
EVB_0765,1374,354.96,46.18,21.52,61.38,43.31,0.0939,9.44,16.39,72.18,81.52,Degraded,Suitable for evaluation
EVB_0766,1205,373.53,-3.43,33.82,90.09,46.58,0.0912,15.68,1.28,77.64,84.88,Degraded,Suitable for evaluation
EVB_0767,1143,355.35,51.47,35.92,60.41,46.65,0.0834,10.02,18.29,77.76,85.43,Degraded,Suitable for evaluation
EVB_0768,1325,351.55,56.07,27.97,49.36,44.05,0.0946,7.64,19.71,73.42,82.11,Degraded,Suitable for evaluation
EVB_0769,1488,337.45,40.19,32.53,37.34,41.98,0.0969,5.29,13.56,69.96,79.9,Critical,Consider second-life/replacement
EVB_0770,494,372.58,45.0,42.08,94.34,54.12,0.0718,19.02,16.76,90.2,90.12,Healthy,Not yet
EVB_0771,925,323.25,22.19,23.14,12.86,49.23,0.0755,2.05,7.17,82.06,89.4,Moderate,Suitable for evaluation
EVB_0772,1255,376.59,25.37,21.53,93.43,44.66,0.0895,15.71,9.55,74.44,83.34,Degraded,Suitable for evaluation
EVB_0773,216,371.37,54.75,35.54,83.54,57.45,0.0593,17.82,20.33,95.75,97.34,Healthy,Not yet
EVB_0774,140,329.08,58.12,33.66,17.34,58.95,0.0488,3.36,19.13,98.25,99.04,Healthy,Not yet
EVB_0775,763,351.01,36.55,38.23,58.67,49.74,0.0793,10.24,12.83,82.91,87.42,Moderate,Suitable for evaluation
EVB_0776,1604,370.14,55.13,34.56,87.32,41.26,0.103,13.34,20.4,68.77,78.42,Critical,Consider second-life/replacement
EVB_0777,88,358.6,46.37,25.46,59.32,59.31,0.0534,12.62,16.63,98.85,99.37,Healthy,Not yet
EVB_0778,1199,374.0,30.98,33.46,91.18,46.44,0.0853,15.84,11.59,77.4,85.54,Degraded,Suitable for evaluation
EVB_0779,1524,373.46,36.36,20.86,94.58,41.21,0.0943,14.56,13.58,68.69,79.53,Critical,Consider second-life/replacement
EVB_0780,222,347.9,37.39,28.0,45.13,57.34,0.0513,9.0,13.01,95.57,97.56,Healthy,Not yet
EVB_0781,702,343.79,24.79,34.02,40.84,51.72,0.0691,7.26,8.52,86.2,92.41,Moderate,Suitable for evaluation
EVB_0782,803,376.56,62.35,27.12,93.95,50.88,0.0722,18.0,23.48,84.8,91.35,Moderate,Suitable for evaluation
EVB_0783,1293,355.58,32.48,49.74,69.14,44.12,0.1039,10.85,11.55,73.53,72.07,Degraded,Suitable for evaluation
EVB_0784,1711,325.54,34.09,14.86,16.02,38.6,0.1052,2.01,11.1,64.33,75.69,Critical,Consider second-life/replacement
EVB_0785,1131,321.03,22.39,25.62,9.02,46.63,0.0886,1.35,7.19,77.72,85.26,Degraded,Suitable for evaluation
EVB_0786,1733,354.43,-3.48,22.5,58.64,40.61,0.1059,8.44,1.23,67.68,77.43,Critical,Consider second-life/replacement
EVB_0787,525,376.86,52.42,24.4,93.37,54.13,0.064,19.05,19.76,90.21,94.62,Healthy,Not yet
EVB_0788,505,373.97,55.06,24.86,85.2,55.09,0.0584,17.55,20.59,91.81,95.5,Healthy,Not yet
EVB_0789,878,359.52,64.17,19.39,69.21,50.19,0.0752,12.49,23.07,83.66,90.32,Moderate,Suitable for evaluation
EVB_0790,944,327.81,46.13,36.02,18.22,49.58,0.0812,2.96,15.12,82.63,88.35,Moderate,Suitable for evaluation
EVB_0791,1434,338.4,41.71,25.62,29.15,43.01,0.0979,4.24,14.11,71.68,80.7,Degraded,Suitable for evaluation
EVB_0792,1074,372.9,31.28,31.31,88.17,47.48,0.0806,15.61,11.66,79.13,87.11,Degraded,Suitable for evaluation
EVB_0793,436,330.57,40.82,26.52,22.37,54.95,0.0568,4.06,13.49,91.58,95.37,Healthy,Not yet
EVB_0794,397,341.15,67.38,24.47,31.45,55.24,0.0602,5.93,22.99,92.07,95.64,Healthy,Not yet
EVB_0795,239,328.57,48.45,43.38,17.31,57.27,0.072,3.26,15.92,95.46,92.21,Healthy,Not yet
EVB_0796,554,362.09,49.5,37.38,69.23,52.88,0.0696,13.26,17.92,88.13,92.04,Moderate,Suitable for evaluation
EVB_0797,1264,380.57,31.68,15.05,94.68,46.15,0.0899,16.63,12.06,76.92,84.65,Degraded,Suitable for evaluation
EVB_0798,1581,330.06,71.11,14.21,30.55,40.38,0.1041,4.07,23.47,67.3,77.46,Critical,Consider second-life/replacement
EVB_0799,1442,346.4,10.7,38.34,50.16,43.11,0.1042,7.49,3.7,71.86,77.96,Degraded,Suitable for evaluation
EVB_0800,1482,357.39,21.2,25.84,65.26,43.18,0.0989,10.07,7.58,71.97,80.72,Degraded,Suitable for evaluation
EVB_0801,873,381.79,45.84,16.81,99.95,49.4,0.0752,18.85,17.5,82.33,89.59,Moderate,Suitable for evaluation
EVB_0802,978,322.77,80.72,38.37,14.96,47.33,0.0856,2.29,26.05,78.89,84.29,Degraded,Suitable for evaluation
EVB_0803,983,345.06,40.66,31.35,52.36,49.01,0.0775,8.86,14.03,81.69,88.93,Moderate,Suitable for evaluation
EVB_0804,1190,345.64,30.85,32.01,41.59,45.86,0.0902,6.59,10.66,76.44,84.35,Degraded,Suitable for evaluation
EVB_0805,183,371.54,58.54,36.48,87.25,58.31,0.0584,18.9,21.75,97.18,97.56,Healthy,Not yet
EVB_0806,107,348.68,50.8,19.52,50.22,58.64,0.0516,10.27,17.71,97.73,98.75,Healthy,Not yet
EVB_0807,1629,329.55,72.36,16.95,15.54,41.66,0.1001,2.13,23.85,69.44,79.18,Critical,Consider second-life/replacement
EVB_0808,734,358.62,19.94,42.65,65.27,49.37,0.0841,11.56,7.15,82.28,83.78,Moderate,Suitable for evaluation
EVB_0809,721,366.71,63.42,18.5,78.22,51.61,0.0748,14.81,23.26,86.02,91.67,Moderate,Suitable for evaluation
EVB_0810,222,322.21,22.49,20.22,5.27,58.28,0.0479,0.99,7.25,97.13,98.42,Healthy,Not yet
EVB_0811,864,367.58,35.42,21.82,86.6,49.71,0.0741,15.82,13.02,82.84,90.02,Moderate,Suitable for evaluation
EVB_0812,1222,332.57,55.71,46.64,22.67,45.02,0.1058,3.39,18.53,75.04,74.52,Degraded,Suitable for evaluation
EVB_0813,129,356.61,47.45,33.95,57.45,58.15,0.0501,11.91,16.92,96.91,98.3,Healthy,Not yet
EVB_0814,935,345.44,64.75,37.72,44.5,48.67,0.086,7.48,22.37,81.12,85.85,Moderate,Suitable for evaluation
EVB_0815,1286,361.43,9.32,31.57,73.37,43.4,0.0913,11.51,3.37,72.33,81.94,Degraded,Suitable for evaluation
EVB_0816,252,343.48,48.71,25.18,40.26,56.47,0.0551,7.81,16.73,94.12,96.77,Healthy,Not yet
EVB_0817,813,374.78,62.08,35.05,87.63,49.69,0.0777,16.32,23.27,82.82,89.5,Moderate,Suitable for evaluation
EVB_0818,1302,361.95,43.14,17.55,74.4,44.84,0.0936,12.08,15.61,74.74,82.97,Degraded,Suitable for evaluation
EVB_0819,1749,355.96,22.45,21.24,66.53,38.61,0.1021,9.14,7.99,64.35,76.11,Critical,Consider second-life/replacement
EVB_0820,1300,367.84,59.46,35.86,80.64,43.98,0.0915,13.05,21.87,73.3,81.93,Degraded,Suitable for evaluation
EVB_0821,1732,363.09,30.13,19.14,76.63,38.95,0.1115,10.84,10.94,64.92,75.18,Critical,Consider second-life/replacement
EVB_0822,1605,325.48,35.15,28.49,8.41,40.22,0.1096,1.1,11.44,67.03,76.59,Critical,Consider second-life/replacement
EVB_0823,1514,336.67,28.8,28.85,42.5,42.02,0.098,6.01,9.7,70.03,79.79,Degraded,Suitable for evaluation
EVB_0824,1475,374.55,36.21,25.77,93.43,42.56,0.1035,14.89,13.56,70.94,79.55,Degraded,Suitable for evaluation
EVB_0825,96,328.25,52.26,14.39,16.94,59.43,0.0453,3.31,17.15,99.04,99.47,Healthy,Not yet
EVB_0826,1306,359.92,19.15,24.97,75.02,44.78,0.0886,12.09,6.89,74.64,83.58,Degraded,Suitable for evaluation
EVB_0827,1378,375.15,20.14,23.4,97.59,43.85,0.0991,16.05,7.56,73.08,81.32,Degraded,Suitable for evaluation
EVB_0828,1599,321.69,37.3,31.29,9.96,40.58,0.1052,1.3,12.0,67.64,77.5,Critical,Consider second-life/replacement
EVB_0829,1216,360.08,25.43,30.88,69.81,45.13,0.0947,11.34,9.16,75.22,83.08,Degraded,Suitable for evaluation
EVB_0830,1488,341.81,45.72,33.02,49.47,41.53,0.1014,7.02,15.63,69.22,78.89,Critical,Consider second-life/replacement
EVB_0831,1586,350.98,50.3,24.59,60.02,40.35,0.0965,8.5,17.65,67.24,78.46,Critical,Consider second-life/replacement
EVB_0832,1446,324.78,53.46,34.18,13.11,42.78,0.0999,1.82,17.36,71.31,80.24,Degraded,Suitable for evaluation
EVB_0833,1639,318.24,53.97,17.55,9.09,39.83,0.1072,1.15,17.17,66.38,76.55,Critical,Consider second-life/replacement
EVB_0834,1332,355.19,72.88,15.42,68.35,45.04,0.0911,10.94,25.88,75.07,83.48,Degraded,Suitable for evaluation
EVB_0835,705,362.86,48.64,11.32,83.21,51.51,0.0685,15.55,17.65,85.86,92.22,Moderate,Suitable for evaluation
EVB_0836,520,365.76,55.6,26.01,79.29,54.81,0.0651,15.9,20.33,91.35,95.24,Healthy,Not yet
EVB_0837,1020,348.77,36.74,23.97,56.66,48.16,0.0785,9.52,12.81,80.27,88.02,Moderate,Suitable for evaluation
EVB_0838,1085,322.93,66.25,36.31,14.49,46.38,0.0892,2.17,21.39,77.29,84.16,Degraded,Suitable for evaluation
EVB_0839,1403,358.75,34.23,24.81,70.36,43.12,0.0944,10.89,12.28,71.87,81.28,Degraded,Suitable for evaluation
EVB_0840,785,333.34,55.05,32.19,27.98,49.41,0.0723,4.61,18.35,82.35,89.99,Moderate,Suitable for evaluation
EVB_0841,833,370.91,15.33,36.51,91.55,50.07,0.0833,17.0,5.69,83.45,88.22,Moderate,Suitable for evaluation
EVB_0842,1017,363.23,43.84,24.51,84.64,47.32,0.0832,14.55,15.92,78.86,86.62,Degraded,Suitable for evaluation
EVB_0843,407,364.72,24.76,32.38,72.39,54.34,0.0597,14.35,9.03,90.56,94.81,Healthy,Not yet
EVB_0844,1021,378.33,56.43,38.02,95.14,48.68,0.0871,17.52,21.35,81.13,85.53,Moderate,Suitable for evaluation
EVB_0845,1481,319.47,65.81,20.09,7.99,42.95,0.0957,1.1,21.02,71.58,80.94,Degraded,Suitable for evaluation
EVB_0846,717,363.66,33.61,30.2,74.94,52.1,0.0677,14.2,12.22,86.83,92.76,Moderate,Suitable for evaluation
EVB_0847,422,341.44,83.53,24.54,36.37,55.48,0.053,6.89,28.52,92.47,95.86,Healthy,Not yet
EVB_0848,1081,378.11,34.93,20.6,91.08,46.16,0.0809,15.9,13.21,76.94,85.86,Degraded,Suitable for evaluation
EVB_0849,1195,330.67,18.34,17.71,30.33,45.38,0.0843,4.55,6.07,75.63,84.69,Degraded,Suitable for evaluation
EVB_0850,1421,360.44,28.11,20.47,73.86,42.71,0.0952,11.37,10.13,71.18,80.79,Degraded,Suitable for evaluation
EVB_0851,725,367.6,21.6,30.48,88.38,50.1,0.0725,16.28,7.94,83.51,90.59,Moderate,Suitable for evaluation
EVB_0852,139,326.37,56.76,17.11,8.96,57.94,0.0467,1.69,18.52,96.57,98.11,Healthy,Not yet
EVB_0853,1721,341.08,23.63,25.59,42.78,38.97,0.1067,5.69,8.06,64.94,75.82,Critical,Consider second-life/replacement
EVB_0854,747,366.52,32.0,36.51,77.42,51.06,0.0725,14.49,11.73,85.09,90.56,Moderate,Suitable for evaluation
EVB_0855,1389,346.34,50.88,33.59,48.22,45.1,0.096,7.53,17.62,75.17,82.88,Degraded,Suitable for evaluation
EVB_0856,1251,338.21,49.85,25.76,30.39,44.97,0.0864,4.62,16.86,74.96,84.04,Degraded,Suitable for evaluation
EVB_0857,589,336.04,47.67,43.52,25.88,52.64,0.0794,4.58,16.02,87.73,86.89,Moderate,Suitable for evaluation
EVB_0858,781,331.14,51.17,45.14,17.49,50.0,0.0849,2.9,16.94,83.33,82.75,Moderate,Suitable for evaluation
EVB_0859,918,367.78,33.96,30.21,86.43,49.5,0.0769,15.73,12.49,82.5,89.46,Moderate,Suitable for evaluation
EVB_0860,90,360.45,14.97,10.25,59.66,58.17,0.0456,12.51,5.4,96.95,98.32,Healthy,Not yet
EVB_0861,789,323.21,42.39,37.09,12.26,51.77,0.077,2.05,13.7,86.28,90.27,Moderate,Suitable for evaluation
EVB_0862,1777,338.46,54.48,11.65,41.35,38.59,0.1145,5.4,18.44,64.32,74.44,Critical,Consider second-life/replacement
EVB_0863,551,344.07,43.74,41.81,39.93,52.8,0.0717,7.26,15.05,88.01,89.09,Moderate,Suitable for evaluation
EVB_0864,1008,331.84,55.37,38.67,22.27,48.42,0.0891,3.58,18.38,80.7,84.63,Moderate,Suitable for evaluation
EVB_0865,1218,342.03,34.87,44.19,46.37,44.35,0.0985,7.03,11.93,73.91,76.33,Degraded,Suitable for evaluation
EVB_0866,1274,338.47,64.51,32.08,36.55,45.22,0.0931,5.59,21.84,75.36,83.37,Degraded,Suitable for evaluation
EVB_0867,978,344.91,0.49,27.11,37.47,49.25,0.0826,6.36,0.17,82.08,88.47,Moderate,Suitable for evaluation
EVB_0868,1797,356.98,44.52,26.4,75.21,38.27,0.1065,10.27,15.89,63.78,75.21,Critical,Consider second-life/replacement
EVB_0869,510,339.33,72.13,25.63,26.21,55.32,0.0657,4.92,24.48,92.19,95.71,Healthy,Not yet
EVB_0870,781,357.99,70.04,37.85,65.98,50.95,0.0896,12.03,25.07,84.92,87.38,Moderate,Suitable for evaluation
EVB_0871,801,347.44,39.72,35.7,59.21,50.82,0.0799,10.45,13.8,84.69,89.85,Moderate,Suitable for evaluation
EVB_0872,974,349.69,20.05,30.96,58.97,49.27,0.0863,10.16,7.01,82.11,87.99,Moderate,Suitable for evaluation
EVB_0873,958,356.54,67.44,24.22,67.99,49.65,0.0805,12.03,24.04,82.74,89.11,Moderate,Suitable for evaluation
EVB_0874,1631,348.78,43.21,51.03,57.1,39.89,0.1152,7.94,15.07,66.48,65.92,Critical,Consider second-life/replacement
EVB_0875,1620,369.86,37.52,37.3,88.53,41.01,0.1086,13.43,13.88,68.36,76.06,Critical,Consider second-life/replacement
EVB_0876,1326,350.95,26.63,17.22,69.18,45.07,0.0901,10.94,9.34,75.11,83.63,Degraded,Suitable for evaluation
EVB_0877,439,354.71,21.67,25.87,56.96,53.92,0.058,10.89,7.69,89.86,94.43,Moderate,Suitable for evaluation
EVB_0878,1667,363.96,51.09,37.45,83.83,38.67,0.109,11.8,18.59,64.46,73.78,Critical,Consider second-life/replacement
EVB_0879,932,360.33,55.55,23.6,62.58,48.78,0.077,11.0,20.02,81.29,88.78,Moderate,Suitable for evaluation
EVB_0880,305,338.67,50.71,32.81,32.66,55.11,0.0537,6.1,17.17,91.85,95.52,Healthy,Not yet
EVB_0881,758,336.0,34.29,37.61,24.67,50.57,0.0884,4.19,11.52,84.28,87.33,Moderate,Suitable for evaluation
EVB_0882,499,334.06,29.49,10.0,19.47,54.23,0.0657,3.53,9.85,90.39,94.71,Healthy,Not yet
EVB_0883,59,379.3,14.37,29.14,90.45,59.1,0.048,20.28,5.45,98.5,99.17,Healthy,Not yet
EVB_0884,873,360.76,32.21,29.45,72.46,49.42,0.0759,12.92,11.62,82.37,89.52,Moderate,Suitable for evaluation
EVB_0885,847,374.18,21.61,26.7,94.05,49.13,0.0795,17.29,8.09,81.89,88.78,Moderate,Suitable for evaluation
EVB_0886,1315,354.16,12.75,32.41,62.31,44.77,0.1013,9.88,4.52,74.62,81.87,Degraded,Suitable for evaluation
EVB_0887,1324,349.07,56.73,35.26,49.97,43.36,0.0983,7.56,19.8,72.26,80.81,Degraded,Suitable for evaluation
EVB_0888,926,322.46,25.98,31.14,10.67,47.42,0.0788,1.63,8.38,79.03,87.29,Degraded,Suitable for evaluation
EVB_0889,1078,359.22,60.45,27.01,68.81,46.92,0.0886,11.6,21.72,78.2,85.53,Degraded,Suitable for evaluation
EVB_0890,1192,354.79,50.86,35.06,60.31,46.33,0.0913,9.91,18.04,77.22,84.59,Degraded,Suitable for evaluation
EVB_0891,1065,375.66,44.41,30.39,99.07,47.28,0.0843,17.59,16.68,78.79,86.43,Degraded,Suitable for evaluation
EVB_0892,423,333.16,77.65,28.15,27.72,54.11,0.0638,5.0,25.87,90.18,94.6,Healthy,Not yet
EVB_0893,1138,350.62,21.21,19.5,55.42,46.42,0.0833,9.02,7.43,77.36,85.78,Degraded,Suitable for evaluation
EVB_0894,195,360.93,58.71,17.5,66.84,57.97,0.0435,13.98,21.19,96.61,98.14,Healthy,Not yet
EVB_0895,273,361.7,37.69,19.35,66.24,56.79,0.0528,13.6,13.63,94.65,97.05,Healthy,Not yet
EVB_0896,1312,354.39,90.28,32.23,58.32,44.07,0.0958,9.11,31.99,73.45,81.96,Degraded,Suitable for evaluation
EVB_0897,226,365.04,34.69,29.37,78.81,57.63,0.0557,16.58,12.66,96.05,97.83,Healthy,Not yet
EVB_0898,902,330.18,38.3,18.16,24.47,47.96,0.0819,3.88,12.65,79.93,87.37,Degraded,Suitable for evaluation
EVB_0899,1355,359.01,49.79,35.17,73.93,43.11,0.095,11.44,17.87,71.84,81.08,Degraded,Suitable for evaluation
EVB_0900,112,363.65,39.57,40.99,63.87,57.47,0.064,13.35,14.39,95.79,94.09,Healthy,Not yet
EVB_0901,1290,371.8,26.53,25.21,90.13,45.46,0.0909,15.23,9.86,75.77,83.89,Degraded,Suitable for evaluation
EVB_0902,876,370.57,23.28,16.07,85.48,49.99,0.0781,15.83,8.63,83.31,89.74,Moderate,Suitable for evaluation
EVB_0903,844,339.45,73.06,24.33,34.94,50.0,0.0782,5.93,24.8,83.34,89.75,Moderate,Suitable for evaluation
EVB_0904,738,335.16,26.31,36.84,31.24,50.05,0.0708,5.24,8.82,83.41,89.67,Moderate,Suitable for evaluation
EVB_0905,1534,381.16,43.22,34.39,98.26,42.11,0.0982,15.77,16.48,70.19,79.85,Degraded,Suitable for evaluation
EVB_0906,1683,350.49,63.4,22.62,55.09,40.77,0.0998,7.87,22.22,67.96,78.41,Critical,Consider second-life/replacement
EVB_0907,154,376.29,59.95,42.17,91.11,58.23,0.0644,19.96,22.56,97.05,94.08,Healthy,Not yet
EVB_0908,1172,326.07,37.7,40.79,20.57,45.65,0.0934,3.06,12.29,76.08,80.25,Degraded,Suitable for evaluation
EVB_0909,560,355.95,39.36,24.14,66.07,53.72,0.0727,12.63,14.01,89.54,93.88,Moderate,Suitable for evaluation
EVB_0910,434,368.72,33.96,24.05,81.94,54.98,0.0602,16.61,12.52,91.64,95.4,Healthy,Not yet
EVB_0911,454,375.59,11.97,25.26,95.0,55.2,0.055,19.7,4.5,92.0,95.6,Healthy,Not yet
EVB_0912,872,337.3,56.23,25.94,37.05,50.17,0.0728,6.27,18.97,83.61,90.61,Moderate,Suitable for evaluation
EVB_0913,567,363.14,42.83,37.6,73.87,52.92,0.0714,14.2,15.55,88.21,91.76,Moderate,Suitable for evaluation
EVB_0914,525,352.76,70.19,33.4,56.19,53.24,0.0682,10.55,24.76,88.73,93.8,Moderate,Suitable for evaluation
EVB_0915,758,324.97,34.89,37.02,10.76,50.53,0.0732,1.77,11.34,84.22,89.69,Moderate,Suitable for evaluation
EVB_0916,1718,357.23,62.13,35.39,70.55,39.74,0.1117,10.02,22.19,66.24,75.63,Critical,Consider second-life/replacement
EVB_0917,820,358.41,63.4,43.72,70.56,49.53,0.088,12.53,22.72,82.55,82.77,Moderate,Suitable for evaluation
EVB_0918,1510,370.61,40.64,21.52,93.41,41.35,0.0953,14.32,15.06,68.92,79.54,Critical,Consider second-life/replacement
EVB_0919,1096,352.89,5.66,33.04,52.24,46.85,0.0937,8.64,2.0,78.08,84.79,Degraded,Suitable for evaluation
EVB_0920,1046,329.92,38.55,12.61,26.87,48.22,0.0795,4.28,12.72,80.37,87.94,Moderate,Suitable for evaluation
EVB_0921,1638,322.05,82.04,19.46,9.23,40.44,0.0983,1.2,26.42,67.4,78.29,Critical,Consider second-life/replacement
EVB_0922,726,347.11,51.01,29.4,44.49,51.09,0.0643,7.89,17.71,85.16,91.84,Moderate,Suitable for evaluation
EVB_0923,763,338.38,59.44,33.35,33.68,51.07,0.0793,5.82,20.11,85.11,90.58,Moderate,Suitable for evaluation
EVB_0924,1531,368.79,40.12,29.19,77.3,41.69,0.0987,11.88,14.8,69.48,79.39,Critical,Consider second-life/replacement
EVB_0925,132,345.23,42.34,25.46,38.66,57.06,0.0477,7.61,14.62,95.1,97.31,Healthy,Not yet
EVB_0926,1218,381.03,5.97,26.88,95.16,45.87,0.0817,16.63,2.27,76.45,85.48,Degraded,Suitable for evaluation
EVB_0927,1158,374.5,53.73,40.96,96.42,46.12,0.0927,16.65,20.12,76.87,80.67,Degraded,Suitable for evaluation
EVB_0928,1151,354.47,62.76,26.93,63.99,46.2,0.0948,10.48,22.24,77.0,84.04,Degraded,Suitable for evaluation
EVB_0929,506,378.01,22.7,43.99,93.22,54.27,0.0653,19.12,8.58,90.44,89.35,Healthy,Not yet
EVB_0930,50,367.13,38.51,36.35,77.28,60.19,0.0493,17.08,14.14,100.31,99.36,Healthy,Not yet
EVB_0931,100,360.22,38.52,33.66,56.95,59.36,0.0586,12.18,13.88,98.93,99.41,Healthy,Not yet
EVB_0932,734,332.69,55.91,20.45,22.13,50.6,0.0757,3.73,18.6,84.33,90.62,Moderate,Suitable for evaluation
EVB_0933,766,344.83,35.37,37.48,48.57,50.13,0.0755,8.39,12.2,83.54,88.72,Moderate,Suitable for evaluation
EVB_0934,1519,346.52,60.77,26.05,58.28,42.55,0.099,8.59,21.06,70.92,80.14,Degraded,Suitable for evaluation
EVB_0935,498,372.41,41.83,20.44,87.08,52.71,0.0643,17.09,15.58,87.85,93.32,Moderate,Suitable for evaluation
EVB_0936,930,348.54,-0.98,34.1,50.73,48.74,0.0814,8.62,0.34,81.23,88.16,Moderate,Suitable for evaluation
EVB_0937,537,375.45,48.14,18.9,90.28,53.86,0.0709,18.26,18.07,89.77,94.25,Moderate,Suitable for evaluation
EVB_0938,83,366.35,60.65,23.9,69.06,57.78,0.0493,14.62,22.22,96.3,97.96,Healthy,Not yet
EVB_0939,1421,330.29,28.1,29.92,18.01,43.11,0.0993,2.57,9.28,71.85,80.62,Degraded,Suitable for evaluation
EVB_0940,144,379.69,46.41,47.75,99.52,58.37,0.065,22.06,17.62,97.28,90.85,Healthy,Not yet
EVB_0941,1145,346.99,77.33,24.5,55.09,45.22,0.0769,8.64,26.83,75.37,85.53,Degraded,Suitable for evaluation
EVB_0942,1624,337.76,47.95,26.33,42.23,41.67,0.0971,5.94,16.2,69.45,79.59,Critical,Consider second-life/replacement
EVB_0943,203,359.25,63.44,35.86,67.62,56.82,0.0529,13.8,22.79,94.7,96.57,Healthy,Not yet
EVB_0944,299,327.67,41.2,20.09,15.34,56.81,0.0545,2.86,13.5,94.69,97.08,Healthy,Not yet
EVB_0945,723,359.49,42.82,33.54,65.47,51.27,0.0815,12.07,15.39,85.44,90.47,Moderate,Suitable for evaluation
EVB_0946,487,348.73,41.04,39.65,52.33,54.0,0.0712,9.85,14.31,89.99,91.55,Moderate,Suitable for evaluation
EVB_0947,167,347.54,38.8,27.54,43.63,57.1,0.0504,8.66,13.48,95.16,97.34,Healthy,Not yet
EVB_0948,820,378.01,36.88,38.21,95.54,50.9,0.0852,18.38,13.94,84.83,87.7,Moderate,Suitable for evaluation
EVB_0949,1379,350.32,15.09,32.33,54.64,43.68,0.0893,8.36,5.29,72.8,82.46,Degraded,Suitable for evaluation
EVB_0950,317,331.82,41.95,24.15,25.82,57.33,0.0541,4.91,13.92,95.55,97.55,Healthy,Not yet
EVB_0951,1127,348.31,69.25,28.42,48.6,45.6,0.0819,7.72,24.12,75.99,85.21,Degraded,Suitable for evaluation
EVB_0952,285,382.79,22.57,26.96,92.34,56.45,0.0566,19.95,8.64,94.09,96.75,Healthy,Not yet
EVB_0953,438,333.05,29.2,29.3,21.73,54.89,0.0639,3.97,9.73,91.48,95.32,Healthy,Not yet
EVB_0954,1039,323.88,49.06,31.22,25.33,47.57,0.0842,3.9,15.89,79.29,86.71,Degraded,Suitable for evaluation
EVB_0955,812,325.3,52.25,34.71,6.24,50.72,0.0791,1.03,17.0,84.54,90.28,Moderate,Suitable for evaluation
EVB_0956,450,320.63,57.03,34.07,6.35,54.46,0.0626,1.11,18.29,90.77,94.93,Healthy,Not yet
EVB_0957,673,376.88,38.9,10.55,83.79,53.41,0.0698,16.87,14.66,89.02,93.96,Moderate,Suitable for evaluation
EVB_0958,816,364.27,43.35,29.22,74.55,50.24,0.0702,13.64,15.79,83.73,91.02,Moderate,Suitable for evaluation
EVB_0959,1376,334.98,40.04,17.92,38.73,41.47,0.0959,5.38,13.41,69.12,79.57,Critical,Consider second-life/replacement
EVB_0960,968,355.28,19.47,27.79,71.34,48.44,0.0769,12.28,6.92,80.74,88.49,Moderate,Suitable for evaluation
EVB_0961,1280,347.31,44.61,29.01,42.54,45.52,0.0853,6.73,15.49,75.87,84.69,Degraded,Suitable for evaluation
EVB_0962,1302,378.79,52.58,37.81,95.53,43.6,0.097,15.78,19.92,72.67,79.69,Degraded,Suitable for evaluation
EVB_0963,902,384.18,48.65,29.76,96.87,48.49,0.0689,18.04,18.69,80.81,89.44,Moderate,Suitable for evaluation
EVB_0964,627,344.54,14.53,32.07,42.32,51.89,0.0745,7.56,5.0,86.48,91.96,Moderate,Suitable for evaluation
EVB_0965,124,373.02,45.2,36.34,86.15,57.7,0.0576,18.54,16.86,96.16,97.08,Healthy,Not yet
EVB_0966,484,366.18,25.52,39.82,78.44,53.64,0.0711,15.41,9.34,89.4,91.12,Moderate,Suitable for evaluation
EVB_0967,152,339.08,71.92,29.02,34.45,58.81,0.0438,6.87,24.39,98.02,98.91,Healthy,Not yet
EVB_0968,1495,331.25,53.63,30.75,27.04,43.13,0.0951,3.86,17.76,71.88,81.18,Degraded,Suitable for evaluation
EVB_0969,1777,345.56,61.31,30.08,48.53,36.98,0.1074,6.2,21.19,61.63,73.91,Critical,Consider second-life/replacement
EVB_0970,813,364.3,41.87,25.66,79.23,49.98,0.0724,14.43,15.25,83.3,90.49,Moderate,Suitable for evaluation
EVB_0971,787,372.44,38.27,23.85,96.22,50.77,0.0658,18.19,14.25,84.61,91.54,Moderate,Suitable for evaluation
EVB_0972,855,366.14,68.62,11.82,77.54,49.88,0.0697,14.16,25.12,83.14,90.73,Moderate,Suitable for evaluation
EVB_0973,1379,366.89,58.16,21.39,86.24,44.78,0.0921,14.17,21.34,74.64,83.1,Degraded,Suitable for evaluation
EVB_0974,147,348.61,45.65,15.77,62.29,56.83,0.045,12.34,15.91,94.71,97.09,Healthy,Not yet
EVB_0975,847,371.57,37.28,40.04,84.36,47.8,0.0882,14.98,13.85,79.66,83.37,Degraded,Suitable for evaluation
EVB_0976,1408,361.9,10.73,31.51,79.52,44.55,0.0975,12.82,3.88,74.25,82.17,Degraded,Suitable for evaluation
EVB_0977,908,344.72,51.94,28.99,40.81,49.63,0.0736,6.98,17.91,82.72,90.02,Moderate,Suitable for evaluation
EVB_0978,484,356.22,41.84,24.26,57.44,53.79,0.0666,11.01,14.9,89.65,94.31,Moderate,Suitable for evaluation
EVB_0979,496,370.01,51.2,30.24,81.45,54.17,0.0664,16.33,18.94,90.28,94.65,Healthy,Not yet
EVB_0980,1381,329.31,65.32,23.22,9.38,43.6,0.0945,1.35,21.51,72.66,81.7,Degraded,Suitable for evaluation
EVB_0981,298,369.54,63.38,31.39,81.77,56.01,0.0564,16.92,23.42,93.35,96.34,Healthy,Not yet
EVB_0982,215,332.23,54.44,31.97,21.9,57.52,0.0529,4.18,18.09,95.87,97.73,Healthy,Not yet
EVB_0983,1554,350.95,25.7,23.11,53.89,41.6,0.0972,7.87,9.02,69.33,79.5,Critical,Consider second-life/replacement
EVB_0984,1033,367.59,2.5,22.96,81.79,49.01,0.0758,14.74,0.92,81.69,89.16,Moderate,Suitable for evaluation
EVB_0985,1408,337.46,32.66,37.7,29.11,43.66,0.1066,4.29,11.02,72.76,78.53,Degraded,Suitable for evaluation
EVB_0986,1069,330.71,71.6,29.58,28.35,48.39,0.0803,4.54,23.68,80.65,87.98,Moderate,Suitable for evaluation
EVB_0987,591,341.44,78.63,23.75,43.26,51.97,0.0658,7.68,26.85,86.61,92.64,Moderate,Suitable for evaluation
EVB_0988,808,375.82,35.92,27.04,89.99,50.06,0.0696,16.93,13.5,83.43,90.89,Moderate,Suitable for evaluation
EVB_0989,1179,316.24,24.1,21.92,5.04,46.02,0.0852,0.73,7.62,76.7,85.16,Degraded,Suitable for evaluation
EVB_0990,1636,373.26,28.45,29.46,90.63,39.02,0.1137,13.2,10.62,65.04,74.95,Critical,Consider second-life/replacement
EVB_0991,130,333.03,69.13,36.65,19.61,59.19,0.052,3.87,23.02,98.65,98.27,Healthy,Not yet
EVB_0992,182,378.94,28.47,29.78,99.06,58.27,0.0572,21.87,10.79,97.11,98.41,Healthy,Not yet
EVB_0993,846,378.05,50.12,48.91,95.71,48.97,0.0896,17.72,18.95,81.61,78.92,Moderate,Suitable for evaluation
EVB_0994,949,345.84,47.79,33.37,51.99,48.48,0.0836,8.72,16.53,80.81,87.63,Moderate,Suitable for evaluation
EVB_0995,187,349.89,57.34,31.84,53.71,58.63,0.058,11.02,20.06,97.72,98.75,Healthy,Not yet
EVB_0996,233,350.2,77.63,22.73,50.75,56.65,0.0542,10.07,27.19,94.41,96.93,Healthy,Not yet
EVB_0997,1474,356.49,53.77,28.09,65.37,43.22,0.0952,10.07,19.17,72.03,81.26,Degraded,Suitable for evaluation
EVB_0998,1403,323.47,52.01,23.77,13.62,42.99,0.0934,1.89,16.82,71.65,81.29,Degraded,Suitable for evaluation
EVB_0999,834,323.97,84.74,12.67,8.1,50.52,0.0736,1.33,27.45,84.2,90.83,Moderate,Suitable for evaluation
EVB_1000,1581,323.07,56.03,37.79,10.48,40.96,0.114,1.39,18.1,68.27,75.0,Critical,Consider second-life/replacement
